Name,TeamAbbrev,Game Info,Position,Salary,projPoints,variance,Ownership,Leverage,inPool,PassingC/A,PassingYds,PassingTDs,PassingInts,TeamTotalRushingAtt,%RushingAtt,RushingAtt,TeamTotalRushingYds,%RushingYds,RushingYds,TeamTotalRushingTDs,%RushingTDs,RushingTDs,ReceivingTGTS,TeamTotalReceivingRec,%ReceivingRec,ReceivingRec,TeamTotalReceivingYds,%ReceivingYds,ReceivingYds,TeamTotalReceivingTDs,%ReceivingTDs,ReceivingTDs,ReceivingTGTS,Roster Position,ID
Dak Prescott,DAL,DAL@MIA 12/24/2023 04:25PM ET,QB,7900.0,19.9802,67.84819566223274,7.2,2.0787709140825466,1,24.65/36.42,264.58,1.75,0.72,25.83,15.989159891598916,4.13,115.25999999999999,16.111400312337327,18.57,0.77,27.27272727272727,0.21,0.0,24.65,0.0,0.0,264.59000000000003,0.0,0.0,1.75,0.0,0.0,0.0,QB,31794049
Tua Tagovailoa,MIA,DAL@MIA 12/24/2023 04:25PM ET,QB,7800.0,17.971400000000003,62.04714409658697,6.8,1.12338263545533,1,23.31/34.84,273.56,1.72,0.75,26.9,4.981412639405205,1.34,128.35,4.1994546162835995,5.39,1.0,6.0,0.06,0.0,23.3,0.0,0.0,273.56,0.0,0.0,1.73,0.0,0.0,0.0,QB,31794050
Justin Fields,CHI,ARI@CHI 12/24/2023 04:25PM ET,QB,7100.0,20.752,73.39157248309857,14.3,1.5154056683847095,1,19.37/30.06,213.15,1.4,0.77,30.71,32.497557798762614,9.98,138.68,34.72743005480242,48.16,1.01,42.57425742574257,0.43,0.0,19.39,0.0,0.0,213.15,0.0,0.0,1.38,0.0,0.0,0.0,QB,31794051
Jared Goff,DET,DET@MIN 12/24/2023 01:00PM ET,QB,6900.0,17.0256,53.74276971837042,4.8,0.983246602708434,1,23.04/33.94,244.64,1.69,0.63,28.39,5.9880239520958085,1.7,121.85,5.170291341813706,6.3,1.02,7.8431372549019605,0.08,0.0,23.04,0.0,0.0,244.64,0.0,0.0,1.6800000000000002,0.0,0.0,0.0,QB,31794053
Trevor Lawrence,JAX,JAX@TB 12/24/2023 04:05PM ET,QB,6600.0,18.2734,64.23280461092902,5.5,1.9039927451915772,1,22.72/34.44,253.11,1.47,0.73,27.35,14.990859232175502,4.1,116.74,14.896350865170465,17.39,0.88,23.863636363636363,0.21,0.0,22.72,0.0,0.0,253.13,0.0,0.0,1.47,0.0,0.0,0.0,QB,31794054
Jordan Love,GB,GB@CAR 12/24/2023 01:00PM ET,QB,6500.0,15.7898,49.655761950976746,3.0,0.8782585035840594,1,20.68/32.64,221.07,1.36,0.73,27.580000000000002,12.762871646120377,3.52,122.14999999999999,10.945558739255015,13.37,0.77,19.48051948051948,0.15,0.0,20.7,0.0,0.0,221.05,0.0,0.0,1.35,0.0,0.0,0.0,QB,31794055
Kyler Murray,ARI,ARI@CHI 12/24/2023 04:25PM ET,QB,6400.0,17.028200000000002,53.75341845340773,7.8,0.6578711565872608,1,20.87/31.76,220.78,1.04,0.64,28.59,22.000699545295557,6.29,126.63,23.66737739872068,29.97,0.9400000000000001,29.78723404255319,0.28,0.0,20.88,0.0,0.0,220.78,0.0,0.0,1.05,0.0,0.0,0.0,QB,31794056
Sam Howell,WAS,WAS@NYJ 12/24/2023 01:00PM ET,QB,6200.0,13.983,50.7127278228098,3.1,0.48088868697969417,1,21.07/32.83,213.95,0.96,0.76,26.33,13.482719331560958,3.55,109.12,13.79215542521994,15.05,0.65,21.53846153846154,0.14,0.0,21.08,0.0,0.0,213.96,0.0,0.0,0.96,0.0,0.0,0.0,QB,31794057
Baker Mayfield,TB,JAX@TB 12/24/2023 04:05PM ET,QB,6000.0,16.3484,50.05403206042318,8.8,0.4116797138565739,1,21.21/32.71,236.56,1.39,0.86,27.71,12.486466979429808,3.46,113.07000000000001,12.43477491819227,14.06,0.76,17.105263157894736,0.13,0.0,21.209999999999997,0.0,0.0,236.56,0.0,0.0,1.39,0.0,0.0,0.0,QB,31794058
Gardner Minshew,IND,IND@ATL 12/24/2023 01:00PM ET,QB,5900.0,15.871200000000002,49.45063026975314,3.5,0.8567111278729868,1,21.79/34.51,231.33,1.28,0.69,26.93,11.994058670627552,3.23,124.25,10.849094567404427,13.48,0.87,16.09195402298851,0.14,0.0,20.3,0.0,0.0,216.25,0.0,0.0,1.18,0.0,0.0,0.0,QB,31794059
Geno Smith,SEA,SEA@TEN 12/24/2023 01:00PM ET,QB,5800.0,16.8486,52.61542987616529,6.8,0.7452191632652367,1,21.53/32.84,241.79,1.48,0.9,26.740000000000002,12.004487658937919,3.21,109.96000000000001,11.977082575481992,13.17,0.83,16.867469879518072,0.14,0.0,21.53,0.0,0.0,241.79999999999998,0.0,0.0,1.49,0.0,0.0,0.0,QB,31794060
Joe Flacco,CLE,CLE@HOU 12/24/2023 01:00PM ET,QB,5500.0,13.925000000000004,50.89732411952841,4.1,0.413038891624611,1,19.67/32.19,226.15,1.09,0.7,31.31,6.51549025870329,2.04,130.21,5.214653252438368,6.79,1.07,8.411214953271028,0.09,0.0,19.68,0.0,0.0,226.16,0.0,0.0,1.07,0.0,0.0,0.0,QB,31794061
Nick Mullens,MIN,DET@MIN 12/24/2023 01:00PM ET,QB,5300.0,17.452,56.99789626605968,12.7,0.6238084596652409,1,23.27/36.18,261.65,1.51,0.93,25.73,9.988340458608628,2.57,108.06,10.14251341847122,10.96,0.87,14.942528735632186,0.13,0.0,23.26,0.0,0.0,261.66,0.0,0.0,1.52,0.0,0.0,0.0,QB,31794062
Ryan Tannehill,TEN,SEA@TEN 12/24/2023 01:00PM ET,QB,5000.0,13.745,50.826148292299074,5.2,0.33307966937173056,1,19.49/30.12,222.85,1.05,0.73,28.15,6.429840142095915,1.81,121.06,6.781761110193293,8.21,0.8899999999999999,10.112359550561798,0.09,0.0,19.49,0.0,0.0,222.86,0.0,0.0,1.05,0.0,0.0,0.0,QB,31794067
Case Keenum,HOU,CLE@HOU 12/24/2023 01:00PM ET,QB,4900.0,13.5488,50.86695202766291,0.9,1.8226634098348335,1,19.26/32.05,203.92,1.09,0.74,28.16,10.014204545454545,2.82,119.78,8.782768408749373,10.52,0.7,17.142857142857142,0.12,0.0,19.26,0.0,0.0,203.92000000000002,0.0,0.0,1.08,0.0,0.0,0.0,QB,31794068
Taylor Heinicke,ATL,IND@ATL 12/24/2023 01:00PM ET,QB,4800.0,15.8082,49.61498647583136,3.5,1.0322361739058672,1,18.02/29.41,207.78,1.37,0.9,32.26,11.996280223186611,3.87,137.39,12.060557536938642,16.57,1.16,18.103448275862068,0.21,0.0,17.16,0.0,0.0,195.88,0.0,0.0,1.3,0.0,0.0,0.0,QB,31794069
Bryce Young,CAR,GB@CAR 12/24/2023 01:00PM ET,QB,4700.0,12.7958,51.90681133421216,0.8,1.7028834197767957,1,18.81/30.33,182.97,0.94,0.65,29.76,11.995967741935482,3.57,130.04000000000002,12.203937250076898,15.87,0.76,17.105263157894736,0.13,0.0,18.830000000000002,0.0,0.0,182.96,0.0,0.0,0.9299999999999999,0.0,0.0,0.0,QB,31794072
Trevor Siemian,NYJ,WAS@NYJ 12/24/2023 01:00PM ET,QB,4700.0,13.5852,50.804735101182764,1.3,1.3253421993087242,1,18.38/30.82,205.63,1.19,0.93,28.610000000000003,8.493533729465222,2.43,125.24,7.904822740338551,9.9,0.76,11.842105263157894,0.09,0.0,18.39,0.0,0.0,205.62,0.0,0.0,1.1900000000000002,0.0,0.0,0.0,QB,31794073
Rachaad White,TB,JAX@TB 12/24/2023 04:05PM ET,RB,7400.0,15.916,79.0368726803031,15.7,1.0808815666572775,1,0.00/0.00,0.0,0.0,0.0,27.71,67.98989534464091,18.84,113.07000000000001,66.35712390554524,75.03,0.76,63.1578947368421,0.48,3.76,21.209999999999997,13.531353135313534,2.87,236.56,8.467196482921882,20.03,1.39,7.913669064748202,0.11,3.76,RB/FLEX,31794108
Raheem Mostert,MIA,DAL@MIA 12/24/2023 04:25PM ET,RB,7300.0,14.835,71.21926357505785,4.2,2.605175455607506,1,0.00/0.00,0.0,0.0,0.0,26.9,52.49070631970261,14.12,128.35,54.429294896766656,69.86,1.0,56.00000000000001,0.56,2.96,23.3,9.313304721030043,2.17,273.56,6.064483111566019,16.59,1.73,6.358381502890173,0.11,2.96,RB/FLEX,31794110
Jonathan Taylor,IND,IND@ATL 12/24/2023 01:00PM ET,RB,7200.0,16.805,86.62758533139319,18.1,1.3258962073976361,1,0.00/0.00,0.0,0.0,0.0,26.93,60.007426661715556,16.16,124.25,64.38631790744466,80.0,0.87,65.51724137931035,0.57,3.62,20.3,13.34975369458128,2.71,216.25,9.040462427745664,19.55,1.18,10.16949152542373,0.12,3.62,RB/FLEX,31794112
De'Von Achane,MIA,DAL@MIA 12/24/2023 04:25PM ET,RB,7100.0,10.347,53.97843485061042,0.001,1162.8162218414757,1,0.00/0.00,0.0,0.0,0.0,26.9,30.000000000000004,8.07,128.35,28.601480327230234,36.71,1.0,26.0,0.26,3.48,23.3,10.987124463519313,2.56,273.56,6.711507530340693,18.36,1.73,6.9364161849710975,0.12,3.48,RB/FLEX,31794114
Jahmyr Gibbs,DET,DET@MIN 12/24/2023 01:00PM ET,RB,7000.0,13.754,66.43591433266303,10.8,0.6747451494964085,1,0.00/0.00,0.0,0.0,0.0,28.39,42.02183867559,11.93,121.85,42.880590890439066,52.25,1.02,38.235294117647065,0.39,4.24,23.04,13.671875,3.15,244.64,8.252943100065403,20.19,1.6800000000000002,10.119047619047619,0.17,4.24,RB/FLEX,31794116
David Montgomery,DET,DET@MIN 12/24/2023 01:00PM ET,RB,6900.0,13.034,63.54516428708544,4.1,1.3021797823855044,1,0.00/0.00,0.0,0.0,0.0,28.39,50.01761183515322,14.2,121.85,48.92080426754206,59.61,1.02,51.9607843137255,0.53,2.55,23.04,8.289930555555555,1.91,244.64,5.653204708960105,13.83,1.6800000000000002,5.952380952380952,0.1,2.55,RB/FLEX,31794118
Derrick Henry,TEN,SEA@TEN 12/24/2023 01:00PM ET,RB,6800.0,15.381,74.57097255042599,3.1,4.6977289387911565,1,0.00/0.00,0.0,0.0,0.0,28.15,61.49200710479573,17.31,121.06,61.209317693705586,74.1,0.8899999999999999,65.1685393258427,0.58,2.86,19.49,10.826064648537711,2.11,222.86,8.530018845912233,19.01,1.05,7.619047619047619,0.08,2.86,RB/FLEX,31794120
Tony Pollard,DAL,DAL@MIA 12/24/2023 04:25PM ET,RB,6700.0,16.399,83.23473676095504,15.2,1.4478969177588776,1,0.00/0.00,0.0,0.0,0.0,25.83,58.49787069299265,15.11,115.25999999999999,60.662849210480665,69.92,0.77,51.948051948051955,0.4,4.55,24.65,13.752535496957405,3.39,264.59000000000003,9.588419819343134,25.37,1.75,10.285714285714285,0.18,4.55,RB/FLEX,31794122
Travis Etienne,JAX,JAX@TB 12/24/2023 04:05PM ET,RB,6600.0,17.697000000000003,86.47771868101076,11.9,2.5405009960086438,1,0.00/0.00,0.0,0.0,0.0,27.35,61.02376599634369,16.69,116.74,61.504197361658385,71.8,0.88,56.81818181818182,0.5,4.65,22.72,15.360915492957746,3.49,253.13,12.116303875479003,30.67,1.47,10.8843537414966,0.16,4.65,RB/FLEX,31794124
Aaron Jones,GB,GB@CAR 12/24/2023 01:00PM ET,RB,6400.0,13.915,66.95184581233745,8.3,1.019301498785843,1,0.00/0.00,0.0,0.0,0.0,27.580000000000002,43.36475707034083,11.96,122.14999999999999,48.12934916086779,58.79,0.77,40.259740259740255,0.31,4.41,20.7,15.120772946859903,3.13,221.05,9.165347206514364,20.26,1.35,12.592592592592592,0.17,4.41,RB/FLEX,31794128
Bijan Robinson,ATL,IND@ATL 12/24/2023 01:00PM ET,RB,6300.0,15.307,74.05425036114472,13.0,1.1548462900135117,1,0.00/0.00,0.0,0.0,0.0,32.26,39.98760074395536,12.9,137.39,40.06113982094767,55.04,1.16,38.793103448275865,0.45,4.85,17.16,19.172494172494172,3.29,195.88,13.339799877476006,26.13,1.3,15.384615384615385,0.2,4.85,RB/FLEX,31794130
Kenneth Walker,SEA,SEA@TEN 12/24/2023 01:00PM ET,RB,6200.0,12.339,59.292812956755206,14.3,0.27615678805856675,1,0.00/0.00,0.0,0.0,0.0,26.740000000000002,54.48765893792071,14.57,109.96000000000001,55.556566024008724,61.09,0.83,56.62650602409639,0.47,2.3,21.53,7.803065490013933,1.68,241.79999999999998,5.417700578990902,13.1,1.49,4.697986577181208,0.07,2.3,RB/FLEX,31794132
Breece Hall,NYJ,WAS@NYJ 12/24/2023 01:00PM ET,RB,6100.0,16.729000000000003,85.96422599253816,22.9,1.140478487083626,1,0.00/0.00,0.0,0.0,0.0,28.610000000000003,56.4837469416288,16.16,125.24,56.13222612583839,70.3,0.76,55.263157894736835,0.42,4.93,18.39,17.944535073409458,3.3,205.62,13.90428946600525,28.59,1.1900000000000002,14.285714285714285,0.17,4.93,RB/FLEX,31794134
James Conner,ARI,ARI@CHI 12/24/2023 04:25PM ET,RB,5900.0,13.764,66.49292558561172,4.1,2.0898536420658056,1,0.00/0.00,0.0,0.0,0.0,28.59,52.50087443161945,15.01,126.63,51.25957514017215,64.91,0.9400000000000001,52.127659574468076,0.49,2.86,20.88,10.344827586206899,2.16,220.78,7.668267053175107,16.93,1.05,7.619047619047619,0.08,2.86,RB/FLEX,31794138
Chuba Hubbard,CAR,GB@CAR 12/24/2023 01:00PM ET,RB,5700.0,13.493,65.31364446284238,8.3,0.9445564711164536,1,0.00/0.00,0.0,0.0,0.0,29.76,59.97983870967742,17.85,130.04000000000002,57.1900953552753,74.37,0.76,56.57894736842105,0.43,2.58,18.830000000000002,9.877854487519915,1.86,182.96,6.864888500218627,12.56,0.9299999999999999,6.451612903225806,0.06,2.58,RB/FLEX,31794140
Ty Chandler,MIN,DET@MIN 12/24/2023 01:00PM ET,RB,5600.0,13.545999999999998,65.52672762215605,26.2,0.3105040443788545,1,0.00/0.00,0.0,0.0,0.0,25.73,54.994170229304316,14.15,108.06,55.570979085693125,60.05,0.87,55.172413793103445,0.48,3.26,23.26,9.88822012037833,2.3,261.66,6.730107773446456,17.61,1.52,6.578947368421052,0.1,3.26,RB/FLEX,31794142
Devin Singletary,HOU,CLE@HOU 12/24/2023 01:00PM ET,RB,5500.0,13.233999999999998,64.23756211867851,14.3,0.5036301556186402,1,0.00/0.00,0.0,0.0,0.0,28.16,57.49289772727273,16.19,119.78,59.58423776924362,71.37,0.7,52.85714285714286,0.37,3.04,19.26,11.059190031152646,2.13,203.92000000000002,6.213220870929776,12.67,1.08,7.4074074074074066,0.08,3.04,RB/FLEX,31794144
Jerome Ford,CLE,CLE@HOU 12/24/2023 01:00PM ET,RB,5400.0,12.782000000000004,62.563326262116576,8.3,0.720881589584337,1,0.00/0.00,0.0,0.0,0.0,31.31,43.50047908016608,13.62,130.21,44.067275938867986,57.38,1.07,37.38317757009346,0.4,3.38,19.68,12.195121951219512,2.4,226.16,7.534488857446056,17.04,1.07,8.411214953271028,0.09,3.38,RB/FLEX,31794146
Alexander Mattison,MIN,DET@MIN 12/24/2023 01:00PM ET,RB,5300.0,6.332000000000001,32.54459723243106,0.0,1.0,1,0.00/0.00,0.0,0.0,0.0,25.73,30.003886513797124,7.72,108.06,29.483620210993895,31.86,0.87,25.287356321839084,0.22,1.27,23.26,3.869303525365434,0.9,261.66,2.6217228464419473,6.86,1.52,2.631578947368421,0.04,1.27,RB/FLEX,31794148
Antonio Gibson,WAS,WAS@NYJ 12/24/2023 01:00PM ET,RB,5200.0,14.759,70.90135926820312,8.3,1.6767683371584714,1,0.00/0.00,0.0,0.0,0.0,26.33,56.51348271933156,14.88,109.12,55.96590909090909,61.07,0.65,53.84615384615385,0.35,4.6,21.08,16.271347248576852,3.43,213.96,11.787249953262291,25.22,0.96,10.416666666666668,0.1,4.6,RB/FLEX,31794150
Zach Charbonnet,SEA,SEA@TEN 12/24/2023 01:00PM ET,RB,5000.0,8.312000000000001,38.96201560186589,1.2,0.12286403360132411,1,0.00/0.00,0.0,0.0,0.0,26.740000000000002,32.4981301421092,8.69,109.96000000000001,31.493270280101854,34.63,0.83,25.301204819277107,0.21,2.46,21.53,8.592661402693915,1.85,241.79999999999998,5.454921422663358,13.19,1.49,4.697986577181208,0.07,2.46,RB/FLEX,31794152
AJ Dillon,GB,GB@CAR 12/24/2023 01:00PM ET,RB,4900.0,8.139000000000001,38.16721732489763,1.2,0.1011508736882297,1,0.00/0.00,0.0,0.0,0.0,27.580000000000002,38.25235678027556,10.55,122.14999999999999,35.669259107654526,43.57,0.77,35.064935064935064,0.27,1.47,20.7,5.1690821256038655,1.07,221.05,3.8543315991857043,8.52,1.35,2.962962962962963,0.04,1.47,RB/FLEX,31794154
D'Ernest Johnson,JAX,JAX@TB 12/24/2023 04:05PM ET,RB,4900.0,4.062,22.216673686971095,0.7,3.073385757688175e-05,1,0.00/0.00,0.0,0.0,0.0,27.35,15.50274223034735,4.24,116.74,15.264690765804353,17.82,0.88,12.5,0.11,1.03,22.72,3.4771126760563384,0.79,253.13,2.5678505115948327,6.5,1.47,2.0408163265306123,0.03,1.03,RB/FLEX,31794156
Roschon Johnson,CHI,ARI@CHI 12/24/2023 04:25PM ET,RB,4800.0,9.796,48.157585537568295,10.1,0.09306275104908386,1,0.00/0.00,0.0,0.0,0.0,30.71,25.985021165744058,7.98,138.68,23.918373233342948,33.17,1.01,21.782178217821784,0.22,3.46,19.39,13.357400722021659,2.59,213.15,8.393150363593714,17.89,1.38,9.420289855072465,0.13,3.46,RB/FLEX,31794158
Kareem Hunt,CLE,CLE@HOU 12/24/2023 01:00PM ET,RB,4800.0,9.932,49.86970526341643,1.2,0.957947454655968,1,0.00/0.00,0.0,0.0,0.0,31.31,40.49824337272437,12.68,130.21,40.787957914138694,53.11,1.07,46.728971962616825,0.5,1.13,19.68,4.217479674796748,0.83,226.16,2.7016271666077114,6.11,1.07,2.8037383177570088,0.03,1.13,RB/FLEX,31794160
Trey Sermon,IND,IND@ATL 12/24/2023 01:00PM ET,RB,4800.0,6.464000000000001,33.58723733525836,0.0,1.0,1,0.00/0.00,0.0,0.0,0.0,26.93,25.993316004455995,7.0,124.25,22.993963782696177,28.57,0.87,17.241379310344826,0.15,1.9,20.3,6.7980295566502456,1.38,216.25,4.471676300578035,9.67,1.18,5.084745762711865,0.06,1.9,RB/FLEX,31794162
Tyjae Spears,TEN,SEA@TEN 12/24/2023 01:00PM ET,RB,4700.0,10.544,55.30977297833822,8.3,0.2641658794862642,1,0.00/0.00,0.0,0.0,0.0,28.15,29.946714031971585,8.43,121.06,29.00214769535767,35.11,0.8899999999999999,21.348314606741575,0.19,4.07,19.49,15.597742432016421,3.04,222.86,10.109485775823385,22.53,1.05,9.523809523809524,0.1,4.07,RB/FLEX,31794166
Tyler Goodson,IND,IND@ATL 12/24/2023 01:00PM ET,RB,4700.0,0.764,9.50764599393335,0.7,0.0,1,0.00/0.00,0.0,0.0,0.0,26.93,2.0051986632008916,0.54,124.25,1.7706237424547286,2.2,0.87,1.1494252873563218,0.01,0.35,20.3,1.231527093596059,0.25,216.25,0.8046242774566473,1.74,1.18,0.847457627118644,0.01,0.35,RB/FLEX,31794168
Emari Demercado,ARI,ARI@CHI 12/24/2023 04:25PM ET,RB,4600.0,5.372999999999999,28.937562537898646,0.5,0.0043492115460752835,1,0.00/0.00,0.0,0.0,0.0,28.59,22.49038125218608,6.43,126.63,21.085050935797206,26.7,0.9400000000000001,14.893617021276595,0.14,1.27,20.88,4.501915708812261,0.94,220.78,3.365341063502129,7.43,1.05,2.857142857142857,0.03,1.27,RB/FLEX,31794170
Khalil Herbert,CHI,ARI@CHI 12/24/2023 04:25PM ET,RB,4600.0,10.602,55.54510386672936,1.4,1.6539532340492906,1,0.00/0.00,0.0,0.0,0.0,30.71,38.0006512536633,11.67,138.68,37.049322180559564,51.38,1.01,30.693069306930692,0.31,2.4,19.39,9.179989685404848,1.78,213.15,6.023926812104151,12.84,1.38,6.521739130434782,0.09,2.4,RB/FLEX,31794172
Tyler Allgeier,ATL,IND@ATL 12/24/2023 01:00PM ET,RB,4600.0,7.81,37.00923955764258,1.8,0.05004767727936159,1,0.00/0.00,0.0,0.0,0.0,32.26,33.508989460632364,10.81,137.39,32.57879030497125,44.76,1.16,26.724137931034488,0.31,1.03,17.16,4.254079254079254,0.73,195.88,2.8793138656320196,5.64,1.3,2.3076923076923075,0.03,1.03,RB/FLEX,31794174
Rico Dowdle,DAL,DAL@MIA 12/24/2023 04:25PM ET,RB,4500.0,5.289,29.28895610570005,1.5,0.0015865649751815745,1,0.00/0.00,0.0,0.0,0.0,25.83,22.493224932249323,5.81,115.25999999999999,19.989588755856325,23.04,0.77,16.883116883116884,0.13,1.46,24.65,4.503042596348885,1.11,264.59000000000003,3.004648701764995,7.95,1.75,2.857142857142857,0.05,1.46,RB/FLEX,31794176
Chris Rodriguez,WAS,WAS@NYJ 12/24/2023 01:00PM ET,RB,4500.0,5.388000000000001,28.87886253186562,1.6,0.001407484903686488,1,0.00/0.00,0.0,0.0,0.0,26.33,27.990884922142044,7.37,109.12,27.510997067448677,30.02,0.65,21.53846153846154,0.14,1.15,21.08,3.8899430740037952,0.82,213.96,2.5518788558609082,5.46,0.96,3.125,0.03,1.15,RB/FLEX,31794178
Tank Bigsby,JAX,JAX@TB 12/24/2023 04:05PM ET,RB,4500.0,1.6230000000000002,16.708477875522515,0.0,1.0,1,0.00/0.00,0.0,0.0,0.0,27.35,7.495429616087751,2.05,116.74,7.041288333047799,8.22,0.88,5.6818181818181825,0.05,0.34,22.72,1.1003521126760565,0.25,253.13,0.7545529964840201,1.91,1.47,0.6802721088435375,0.01,0.34,RB/FLEX,31794180
Dameon Pierce,HOU,CLE@HOU 12/24/2023 01:00PM ET,RB,4500.0,4.479,25.740666818790388,0.5,0.0005668557305596419,1,0.00/0.00,0.0,0.0,0.0,28.16,24.50284090909091,6.9,119.78,23.192519619302054,27.78,0.7,21.42857142857143,0.15,0.64,19.26,2.3883696780893042,0.46,203.92000000000002,1.3779913691643781,2.81,1.08,0.9259259259259258,0.01,0.64,RB/FLEX,31794182
Dalvin Cook,NYJ,WAS@NYJ 12/24/2023 01:00PM ET,RB,4400.0,5.905,29.50540052417659,1.2,0.0036822605062310923,1,0.00/0.00,0.0,0.0,0.0,28.610000000000003,22.509612023767914,6.44,125.24,22.78026189715746,28.53,0.76,21.052631578947366,0.16,1.54,18.39,5.709624796084829,1.05,205.62,3.608598385371073,7.42,1.1900000000000002,4.201680672268907,0.05,1.54,RB/FLEX,31794184
Miles Sanders,CAR,GB@CAR 12/24/2023 01:00PM ET,RB,4400.0,6.786,32.986543180644304,0.9,0.024444934080647726,1,0.00/0.00,0.0,0.0,0.0,29.76,25.0,7.44,130.04000000000002,27.430021531836356,35.67,0.76,23.684210526315788,0.18,1.82,18.830000000000002,6.691449814126393,1.26,182.96,3.820507214691736,6.99,0.9299999999999999,3.225806451612903,0.03,1.82,RB/FLEX,31794186
Chase Edmonds,TB,JAX@TB 12/24/2023 04:05PM ET,RB,4400.0,4.236999999999999,23.501664632606392,0.0,1.0,1,0.00/0.00,0.0,0.0,0.0,27.71,16.49224106820642,4.57,113.07000000000001,16.93641107278677,19.15,0.76,15.789473684210526,0.12,1.14,21.209999999999997,3.9603960396039604,0.84,236.56,2.4602637808589787,5.82,1.39,2.158273381294964,0.03,1.14,RB/FLEX,31794188
Patrick Taylor,GB,GB@CAR 12/24/2023 01:00PM ET,RB,4400.0,2.012,18.913570946063274,0.0,1.0,1,0.00/0.00,0.0,0.0,0.0,27.580000000000002,4.604786076867295,1.27,122.14999999999999,4.2488743348342215,5.19,0.77,3.896103896103896,0.03,0.98,20.7,3.3333333333333335,0.69,221.05,2.004071477041393,4.43,1.35,2.222222222222222,0.03,0.98,RB/FLEX,31794190
Kene Nwangwu,MIN,DET@MIN 12/24/2023 01:00PM ET,RB,4400.0,1.0910000000000002,11.844870569076472,0.0,1.0,1,0.00/0.00,0.0,0.0,0.0,25.73,4.003109211037699,1.03,108.06,3.849713122339441,4.16,0.87,3.4482758620689653,0.03,0.36,23.26,1.0748065348237317,0.25,261.66,0.7070243827868226,1.85,1.52,0.6578947368421052,0.01,0.36,RB/FLEX,31794192
Cordarrelle Patterson,ATL,IND@ATL 12/24/2023 01:00PM ET,RB,4300.0,5.681,28.547488806667097,0.8,0.0035048831062481057,1,0.00/0.00,0.0,0.0,0.0,32.26,13.515189088654683,4.36,137.39,14.360579372588983,19.73,1.16,15.517241379310345,0.18,1.76,17.16,6.934731934731935,1.19,195.88,5.197059424137227,10.18,1.3,5.384615384615385,0.07,1.76,RB/FLEX,31794194
DeeJay Dallas,SEA,SEA@TEN 12/24/2023 01:00PM ET,RB,4300.0,0.6400000000000001,8.564169399657207,0.0,1.0,1,0.00/0.00,0.0,0.0,0.0,26.740000000000002,1.0097232610321616,0.27,109.96000000000001,0.9730811204074208,1.07,0.83,1.2048192771084338,0.01,0.33,21.53,1.114723641430562,0.24,241.79999999999998,0.7154673283705542,1.73,1.49,0.6711409395973155,0.01,0.33,RB/FLEX,31794196
Jeff Wilson,MIA,DAL@MIA 12/24/2023 04:25PM ET,RB,4200.0,2.009,18.886467164448202,0.0,1.0,1,0.00/0.00,0.0,0.0,0.0,26.9,7.5092936802973975,2.02,128.35,6.74717569146864,8.66,1.0,6.0,0.06,0.52,23.3,1.6309012875536482,0.38,273.56,1.034507969001316,2.83,1.73,1.1560693641618498,0.02,0.52,RB/FLEX,31794200
Alec Ingold,MIA,DAL@MIA 12/24/2023 04:25PM ET,RB,4000.0,0.665,8.817454914139434,0.001,0.0,1,0.00/0.00,0.0,0.0,0.0,26.9,1.0037174721189592,0.27,128.35,0.8336579664978576,1.07,1.0,1.0,0.01,0.35,23.3,1.0729613733905579,0.25,273.56,0.6872349758736657,1.88,1.73,0.5780346820809249,0.01,0.35,RB/FLEX,31794208
Hunter Luepke,DAL,DAL@MIA 12/24/2023 04:25PM ET,RB,4000.0,0.6860000000000002,9.020459243211912,0.001,0.0,1,0.00/0.00,0.0,0.0,0.0,25.83,1.0065814943863727,0.26,115.25999999999999,0.8936317889987855,1.03,0.77,1.2987012987012987,0.01,0.36,24.65,1.0953346855983774,0.27,264.59000000000003,0.7294304395479798,1.93,1.75,0.5714285714285714,0.01,0.36,RB/FLEX,31794214
Khari Blasingame,CHI,ARI@CHI 12/24/2023 04:25PM ET,RB,4000.0,0.627,8.414553703942332,0.001,0.0,1,0.00/0.00,0.0,0.0,0.0,30.71,1.0094431781178768,0.31,138.68,0.9157773291029708,1.27,1.01,0.9900990099009901,0.01,0.3,19.39,1.1346054667354306,0.22,213.15,0.7506450856204552,1.6,1.38,0.7246376811594204,0.01,0.3,RB/FLEX,31794226
Israel Abanikanda,NYJ,WAS@NYJ 12/24/2023 01:00PM ET,RB,4000.0,2.7100000000000004,19.06564408659358,0.0,1.0,1,0.00/0.00,0.0,0.0,0.0,28.610000000000003,9.507165326808806,2.72,125.24,8.79112104758863,11.01,0.76,7.894736842105263,0.06,0.92,18.39,3.3713974986405653,0.62,205.62,2.18363972376228,4.49,1.1900000000000002,2.5210084033613445,0.03,0.92,RB/FLEX,31794250
CJ Ham,MIN,DET@MIN 12/24/2023 01:00PM ET,RB,4000.0,0.6799999999999999,8.944326234678092,0.0,1.0,1,0.00/0.00,0.0,0.0,0.0,25.73,1.010493587252235,0.26,108.06,0.9531741625023136,1.03,0.87,1.1494252873563218,0.01,0.36,23.26,1.0748065348237317,0.25,261.66,0.7911029580371474,2.07,1.52,0.6578947368421052,0.01,0.36,RB/FLEX,31794260
Pierre Strong,CLE,CLE@HOU 12/24/2023 01:00PM ET,RB,4000.0,2.45,20.183754362234065,0.001,0.0011286418824965208,1,0.00/0.00,0.0,0.0,0.0,31.31,8.49568827850527,2.66,130.21,8.563090392442977,11.15,1.07,6.542056074766355,0.07,0.64,19.68,2.3373983739837403,0.46,226.16,1.4812522108241954,3.35,1.07,1.8691588785046727,0.02,0.64,RB/FLEX,31794272
Dare Ogunbowale,HOU,CLE@HOU 12/24/2023 01:00PM ET,RB,4000.0,1.773,16.85609150254046,0.0,1.0,1,0.00/0.00,0.0,0.0,0.0,28.16,5.0071022727272725,1.41,119.78,4.758724327934546,5.7,0.7,4.285714285714286,0.03,0.8,19.26,2.8556593977154723,0.55,203.92000000000002,1.7310710082385248,3.53,1.08,1.8518518518518516,0.02,0.8,RB/FLEX,31794278
Andrew Beck,HOU,CLE@HOU 12/24/2023 01:00PM ET,RB,4000.0,0.6060000000000001,8.130014776600085,0.001,0.0,1,0.00/0.00,0.0,0.0,0.0,28.16,0.994318181818182,0.28,119.78,0.9684421439305393,1.16,0.7,1.4285714285714286,0.01,0.32,19.26,1.1422637590861888,0.22,203.92000000000002,0.7355825814044723,1.5,1.08,0.9259259259259258,0.01,0.32,RB/FLEX,31794284
Raheem Blackshear,CAR,GB@CAR 12/24/2023 01:00PM ET,RB,4000.0,0.7270000000000001,9.327446045555174,0.0,1.0,1,0.00/0.00,0.0,0.0,0.0,29.76,2.0161290322580645,0.6,130.04000000000002,1.8763457397723775,2.44,0.76,1.3157894736842104,0.01,0.3,18.830000000000002,1.1683483802442909,0.22,182.96,0.7815916047223436,1.43,0.9299999999999999,1.0752688172043012,0.01,0.3,RB/FLEX,31794288
Kenyan Drake,GB,GB@CAR 12/24/2023 01:00PM ET,RB,4000.0,0.6240000000000001,8.38178776365801,0.001,0.0,1,0.00/0.00,0.0,0.0,0.0,27.580000000000002,1.0152284263959392,0.28,122.14999999999999,1.0069586573884568,1.23,0.77,1.2987012987012987,0.01,0.33,20.7,1.1111111111111112,0.23,221.05,0.6831033702782175,1.51,1.35,0.7407407407407407,0.01,0.33,RB/FLEX,31794292
Keith Smith,ATL,IND@ATL 12/24/2023 01:00PM ET,RB,4000.0,0.83,9.802871808483006,0.001,0.0,1,0.00/0.00,0.0,0.0,0.0,32.26,0.9919404835709859,0.32,137.39,0.938932964553461,1.29,1.16,0.8620689655172415,0.01,0.44,17.16,1.7482517482517481,0.3,195.88,1.1282417806820502,2.21,1.3,1.5384615384615383,0.02,0.44,RB/FLEX,31794306
Tyreek Hill,MIA,DAL@MIA 12/24/2023 04:25PM ET,WR,9600.0,21.934,114.8514529242374,11.4,5.01142860499555,1,0.00/0.00,0.0,0.0,0.0,26.9,3.011152416356878,0.81,128.35,3.9189715621347885,5.03,1.0,4.0,0.04,10.45,23.3,30.085836909871244,7.01,273.56,37.1435882438953,101.61,1.73,38.72832369942197,0.67,10.45,WR/FLEX,31794312
CeeDee Lamb,DAL,DAL@MIA 12/24/2023 04:25PM ET,WR,9200.0,20.286,114.70914168852839,10.8,4.382161895257997,1,0.00/0.00,0.0,0.0,0.0,25.83,2.0131629887727454,0.52,115.25999999999999,2.3425299323269133,2.7,0.77,2.5974025974025974,0.02,10.93,24.65,30.26369168356998,7.46,264.59000000000003,34.302127820401374,90.76,1.75,32.0,0.56,10.93,WR/FLEX,31794314
Amon-Ra St Brown,DET,DET@MIN 12/24/2023 01:00PM ET,WR,8200.0,18.426,101.43584547601307,11.0,3.2292898934613605,1,0.00/0.00,0.0,0.0,0.0,28.39,0.9862627685804861,0.28,121.85,1.5182601559294215,1.85,1.02,0.9803921568627451,0.01,10.01,23.04,29.86111111111111,6.88,244.64,33.686232831916286,82.41,1.6800000000000002,30.357142857142854,0.51,10.01,WR/FLEX,31794316
Justin Jefferson,MIN,DET@MIN 12/24/2023 01:00PM ET,WR,8100.0,17.43,94.78634440532853,18.0,1.5725171577016939,1,0.00/0.00,0.0,0.0,0.0,25.73,0.0,0.0,108.06,0.0,0.0,0.87,0.0,0.0,10.13,23.26,27.04213241616509,6.29,261.66,32.48490407398914,85.0,1.52,28.947368421052634,0.44,10.13,WR/FLEX,31794318
Jaylen Waddle,MIA,DAL@MIA 12/24/2023 04:25PM ET,WR,7800.0,15.267,84.7702068386278,9.1,1.8217460442718583,1,0.00/0.00,0.0,0.0,0.0,26.9,1.0037174721189592,0.27,128.35,1.2699649396182313,1.63,1.0,1.0,0.01,8.19,23.3,22.789699570815447,5.31,273.56,27.02880538090364,73.94,1.73,22.54335260115607,0.39,8.19,WR/FLEX,31794320
Mike Evans,TB,JAX@TB 12/24/2023 04:05PM ET,WR,7600.0,15.293,84.97118328034854,5.8,2.9596722178301103,1,0.00/0.00,0.0,0.0,0.0,27.71,0.0,0.0,113.07000000000001,0.0,0.0,0.76,0.0,0.0,8.5,21.209999999999997,23.66808109382367,5.02,236.56,31.25211362867772,73.93,1.39,34.53237410071942,0.48,8.5,WR/FLEX,31794322
DJ Moore,CHI,ARI@CHI 12/24/2023 04:25PM ET,WR,6900.0,16.157000000000004,89.68147316693194,23.4,1.023898404649913,1,0.00/0.00,0.0,0.0,0.0,30.71,2.507326603712146,0.77,138.68,3.389097202192097,4.7,1.01,3.9603960396039604,0.04,9.02,19.39,27.488396080453843,5.33,213.15,36.20455078583157,77.17,1.38,28.98550724637682,0.4,9.02,WR/FLEX,31794326
Nico Collins,HOU,CLE@HOU 12/24/2023 01:00PM ET,WR,6800.0,12.941000000000004,66.57970096475539,2.7,2.5324792427428506,1,0.00/0.00,0.0,0.0,0.0,28.16,0.0,0.0,119.78,0.0,0.0,0.7,0.0,0.0,8.33,19.26,24.610591900311526,4.74,203.92000000000002,31.38976069046685,64.01,1.08,27.777777777777775,0.3,8.33,WR/FLEX,31794328
DK Metcalf,SEA,SEA@TEN 12/24/2023 01:00PM ET,WR,6700.0,13.483,71.17237837362121,5.8,1.605649741066649,1,0.00/0.00,0.0,0.0,0.0,26.740000000000002,0.0,0.0,109.96000000000001,0.0,0.0,0.83,0.0,0.0,7.88,21.53,21.27264282396656,4.58,241.79999999999998,26.397849462365592,63.83,1.49,28.187919463087248,0.42,7.88,WR/FLEX,31794330
Amari Cooper,CLE,CLE@HOU 12/24/2023 01:00PM ET,WR,6400.0,11.826,59.3947704705034,14.4,0.2718525672461988,1,0.00/0.00,0.0,0.0,0.0,31.31,0.0,0.0,130.21,0.0,0.0,1.07,0.0,0.0,7.08,19.68,20.071138211382113,3.95,226.16,27.661832331093034,62.56,1.07,25.233644859813086,0.27,7.08,WR/FLEX,31794332
Calvin Ridley,JAX,JAX@TB 12/24/2023 04:05PM ET,WR,6300.0,14.69,80.34859314757588,14.4,1.1375802536616348,1,0.00/0.00,0.0,0.0,0.0,27.35,0.9872029250457038,0.27,116.74,1.2934726743189997,1.51,0.88,1.1363636363636365,0.01,8.61,22.72,22.62323943661972,5.14,253.13,26.701694781337654,67.59,1.47,29.25170068027211,0.43,8.61,WR/FLEX,31794334
Chris Godwin,TB,JAX@TB 12/24/2023 04:05PM ET,WR,6200.0,13.284,69.32617700091046,7.2,1.259397696969199,1,0.00/0.00,0.0,0.0,0.0,27.71,1.0104655359076147,0.28,113.07000000000001,1.4238967011585744,1.61,0.76,1.3157894736842104,0.01,7.85,21.209999999999997,24.84677039132485,5.27,236.56,25.333953331078796,59.93,1.39,21.58273381294964,0.3,7.85,WR/FLEX,31794336
DeAndre Hopkins,TEN,SEA@TEN 12/24/2023 01:00PM ET,WR,6100.0,13.978,75.30496201542009,12.6,1.0192939346901122,1,0.00/0.00,0.0,0.0,0.0,28.15,0.0,0.0,121.06,0.0,0.0,0.8899999999999999,0.0,0.0,8.58,19.49,25.910723447922013,5.05,222.86,30.638068742708423,68.28,1.05,33.33333333333333,0.35,8.58,WR/FLEX,31794338
Jordan Addison,MIN,DET@MIN 12/24/2023 01:00PM ET,WR,6000.0,11.359000000000002,55.03119979210071,5.4,0.5370522487514651,1,0.00/0.00,0.0,0.0,0.0,25.73,0.0,0.0,108.06,0.0,0.0,0.87,0.0,0.0,6.69,23.26,17.712811693895098,4.12,261.66,20.786516853932582,54.39,1.52,19.736842105263158,0.3,6.69,WR/FLEX,31794340
Adam Thielen,CAR,GB@CAR 12/24/2023 01:00PM ET,WR,5900.0,11.368,55.12872407182238,8.1,0.3689069584030536,1,0.00/0.00,0.0,0.0,0.0,29.76,0.0,0.0,130.04000000000002,0.0,0.0,0.76,0.0,0.0,7.58,18.830000000000002,26.234731810939987,4.94,182.96,25.623087013554873,46.88,0.9299999999999999,31.182795698924732,0.29,7.58,WR/FLEX,31794342
Garrett Wilson,NYJ,WAS@NYJ 12/24/2023 01:00PM ET,WR,5800.0,12.529,63.163190534078645,19.8,0.32285781562069465,1,0.00/0.00,0.0,0.0,0.0,28.610000000000003,1.0136315973435859,0.29,125.24,1.461194506547429,1.83,0.76,1.3157894736842104,0.01,8.63,18.39,24.796084828711255,4.56,205.62,27.94475245598677,57.46,1.1900000000000002,27.731092436974787,0.33,8.63,WR/FLEX,31794344
Terry McLaurin,WAS,WAS@NYJ 12/24/2023 01:00PM ET,WR,5700.0,11.662,58.14506641419457,8.1,0.495937370056118,1,0.00/0.00,0.0,0.0,0.0,26.33,0.0,0.0,109.12,0.0,0.0,0.65,0.0,0.0,7.88,21.08,22.2011385199241,4.68,213.96,26.18246401196485,56.02,0.96,23.958333333333336,0.23,7.88,WR/FLEX,31794346
Tyler Lockett,SEA,SEA@TEN 12/24/2023 01:00PM ET,WR,5600.0,12.067999999999998,60.99109537545591,10.8,0.490054714190044,1,0.00/0.00,0.0,0.0,0.0,26.740000000000002,0.0,0.0,109.96000000000001,0.0,0.0,0.83,0.0,0.0,6.73,21.53,21.133302368787735,4.55,241.79999999999998,21.910669975186103,52.98,1.49,24.832214765100673,0.37,6.73,WR/FLEX,31794348
Josh Downs,IND,IND@ATL 12/24/2023 01:00PM ET,WR,5500.0,13.605,72.38689805623815,10.1,1.1814685987872753,1,0.00/0.00,0.0,0.0,0.0,26.93,0.0,0.0,124.25,0.0,0.0,0.87,0.0,0.0,9.15,20.3,26.89655172413793,5.46,216.25,28.50867052023121,61.65,1.18,27.966101694915256,0.33,9.15,WR/FLEX,31794352
Romeo Doubs,GB,GB@CAR 12/24/2023 01:00PM ET,WR,5300.0,9.211,43.318965441459014,4.0,0.14501354727792867,1,0.00/0.00,0.0,0.0,0.0,27.580000000000002,0.0,0.0,122.14999999999999,0.0,0.0,0.77,0.0,0.0,6.04,20.7,17.439613526570046,3.61,221.05,18.552363718615698,41.01,1.35,18.51851851851852,0.25,6.04,WR/FLEX,31794354
Noah Brown,HOU,CLE@HOU 12/24/2023 01:00PM ET,WR,5200.0,6.963,37.832700491181,4.0,0.021758704057286922,1,0.00/0.00,0.0,0.0,0.0,28.16,0.0,0.0,119.78,0.0,0.0,0.7,0.0,0.0,4.81,19.26,13.707165109034266,2.64,203.92000000000002,16.49176147508827,33.63,1.08,14.814814814814813,0.16,4.81,WR/FLEX,31794356
Drake London,ATL,IND@ATL 12/24/2023 01:00PM ET,WR,5100.0,11.966,60.623587942078174,14.0,0.3960285847415094,1,0.00/0.00,0.0,0.0,0.0,32.26,0.0,0.0,137.39,0.0,0.0,1.16,0.0,0.0,7.06,17.16,24.184149184149188,4.15,195.88,29.181131304880537,57.16,1.3,26.923076923076923,0.35,7.06,WR/FLEX,31794358
Brandin Cooks,DAL,DAL@MIA 12/24/2023 04:25PM ET,WR,4900.0,9.361,43.05616425941388,4.3,0.15810004790809543,1,0.00/0.00,0.0,0.0,0.0,25.83,0.0,0.0,115.25999999999999,0.0,0.0,0.77,0.0,0.0,5.46,24.65,14.117647058823529,3.48,264.59000000000003,16.104161154994518,42.61,1.75,15.42857142857143,0.27,5.46,WR/FLEX,31794362
Curtis Samuel,WAS,WAS@NYJ 12/24/2023 01:00PM ET,WR,4800.0,9.732,43.21530600350395,5.4,0.15646553885976522,1,0.00/0.00,0.0,0.0,0.0,26.33,2.012913026965439,0.53,109.12,2.7309384164222874,2.98,0.65,3.0769230769230766,0.02,6.07,21.08,19.497153700189756,4.11,213.96,19.274630772106935,41.24,0.96,18.75,0.18,6.07,WR/FLEX,31794364
Jaxon Smith-Njigba,SEA,SEA@TEN 12/24/2023 01:00PM ET,WR,4500.0,9.924,43.60688083910439,7.2,0.14427647376994512,1,0.00/0.00,0.0,0.0,0.0,26.740000000000002,0.0,0.0,109.96000000000001,0.0,0.0,0.83,0.0,0.0,6.4,21.53,18.25359962842545,3.93,241.79999999999998,18.58560794044665,44.94,1.49,16.778523489932887,0.25,6.4,WR/FLEX,31794368
Jahan Dotson,WAS,WAS@NYJ 12/24/2023 01:00PM ET,WR,4400.0,6.797000000000001,37.11338777589657,2.7,0.03450834920809068,1,0.00/0.00,0.0,0.0,0.0,26.33,0.0,0.0,109.12,0.0,0.0,0.65,0.0,0.0,4.76,21.08,13.092979127134724,2.76,213.96,14.661618994204522,31.37,0.96,15.625,0.15,4.76,WR/FLEX,31794370
Dontayvion Wicks,GB,GB@CAR 12/24/2023 01:00PM ET,WR,4300.0,9.448,43.04289756058785,6.8,0.12310871092553799,1,0.00/0.00,0.0,0.0,0.0,27.580000000000002,0.0,0.0,122.14999999999999,0.0,0.0,0.77,0.0,0.0,5.71,20.7,16.3768115942029,3.39,221.05,20.619769282967653,45.58,1.35,18.51851851851852,0.25,5.71,WR/FLEX,31794372
Elijah Moore,CLE,CLE@HOU 12/24/2023 01:00PM ET,WR,4200.0,7.214,37.86110929622499,6.8,0.021173093205457936,1,0.00/0.00,0.0,0.0,0.0,31.31,0.0,0.0,130.21,0.0,0.0,1.07,0.0,0.0,5.15,19.68,14.380081300813007,2.83,226.16,15.405022992571633,34.84,1.07,14.018691588785046,0.15,5.15,WR/FLEX,31794376
Robert Woods,HOU,CLE@HOU 12/24/2023 01:00PM ET,WR,4100.0,5.75,31.14043267983831,2.0,0.007633348620804203,1,0.00/0.00,0.0,0.0,0.0,28.16,0.0,0.0,119.78,0.0,0.0,0.7,0.0,0.0,4.33,19.26,12.668743509865005,2.44,203.92000000000002,12.112593173793643,24.7,1.08,12.962962962962962,0.14,4.33,WR/FLEX,31794378
Greg Dortch,ARI,ARI@CHI 12/24/2023 04:25PM ET,WR,4000.0,7.0920000000000005,37.80719475401916,2.7,0.052824792485367075,1,0.00/0.00,0.0,0.0,0.0,28.59,1.0143406785589366,0.29,126.63,1.3424938798073125,1.7,0.9400000000000001,1.0638297872340425,0.01,4.61,20.88,13.601532567049809,2.84,220.78,14.140773620798985,31.22,1.05,14.285714285714285,0.15,4.61,WR/FLEX,31794380
Alec Pierce,IND,IND@ATL 12/24/2023 01:00PM ET,WR,4000.0,10.737,48.811208472492545,5.4,0.4579169203307859,1,0.00/0.00,0.0,0.0,0.0,26.93,0.0,0.0,124.25,0.0,0.0,0.87,0.0,0.0,7.08,20.3,19.753694581280786,4.01,216.25,24.448554913294796,52.87,1.18,20.33898305084746,0.24,7.08,WR/FLEX,31794382
KJ Osborn,MIN,DET@MIN 12/24/2023 01:00PM ET,WR,3900.0,5.241,28.336207440991092,2.0,0.0025512412572511823,1,0.00/0.00,0.0,0.0,0.0,25.73,0.0,0.0,108.06,0.0,0.0,0.87,0.0,0.0,3.44,23.26,8.856405846947549,2.06,261.66,8.946724757318657,23.41,1.52,9.210526315789474,0.14,3.44,WR/FLEX,31794384
Parker Washington,JAX,JAX@TB 12/24/2023 04:05PM ET,WR,3800.0,9.162,43.4687929407656,6.8,0.12907356744702475,1,0.00/0.00,0.0,0.0,0.0,27.35,0.0,0.0,116.74,0.0,0.0,0.88,0.0,0.0,5.51,22.72,14.83274647887324,3.37,253.13,17.429779164856,44.12,1.47,15.646258503401361,0.23,5.51,WR/FLEX,31794386
Jameson Williams,DET,DET@MIN 12/24/2023 01:00PM ET,WR,3700.0,5.097,27.865128690008596,4.4,0.0009771604589413907,1,0.00/0.00,0.0,0.0,0.0,28.39,0.9862627685804861,0.28,121.85,1.5100533442757489,1.84,1.02,0.9803921568627451,0.01,3.05,23.04,7.899305555555556,1.82,244.64,8.964192282537606,21.93,1.6800000000000002,8.333333333333332,0.14,3.05,WR/FLEX,31794388
Michael Wilson,ARI,ARI@CHI 12/24/2023 04:25PM ET,WR,3700.0,8.121,40.86132743345524,8.4,0.049330170278250374,1,0.00/0.00,0.0,0.0,0.0,28.59,0.0,0.0,126.63,0.0,0.0,0.9400000000000001,0.0,0.0,5.08,20.88,14.415708812260537,3.01,220.78,18.52975813026542,40.91,1.05,16.19047619047619,0.17,5.08,WR/FLEX,31794390
Jonathan Mingo,CAR,GB@CAR 12/24/2023 01:00PM ET,WR,3600.0,9.377,43.040738840867746,8.4,0.11699699213277491,1,0.00/0.00,0.0,0.0,0.0,29.76,0.0,0.0,130.04000000000002,0.0,0.0,0.76,0.0,0.0,7.13,18.830000000000002,21.242697822623473,4.0,182.96,23.158067337122866,42.37,0.9299999999999999,20.43010752688172,0.19,7.13,WR/FLEX,31794392
Rondale Moore,ARI,ARI@CHI 12/24/2023 04:25PM ET,WR,3500.0,6.703,36.65533841566767,2.7,0.041753299725345874,1,0.00/0.00,0.0,0.0,0.0,28.59,1.9937040923399787,0.57,126.63,2.6455026455026456,3.35,0.9400000000000001,2.127659574468085,0.02,4.29,20.88,13.218390804597702,2.76,220.78,12.265603768457286,27.08,1.05,12.380952380952381,0.13,4.29,WR/FLEX,31794394
David Moore,TB,JAX@TB 12/24/2023 04:05PM ET,WR,3400.0,2.447,18.514867421870434,0.0,1.0,1,0.00/0.00,0.0,0.0,0.0,27.71,0.0,0.0,113.07000000000001,0.0,0.0,0.76,0.0,0.0,1.47,21.209999999999997,4.007543611504008,0.85,236.56,4.975481907338518,11.77,1.39,5.035971223021583,0.07,1.47,WR/FLEX,31794398
Chris Moore,TEN,SEA@TEN 12/24/2023 01:00PM ET,WR,3300.0,5.897,32.33126490401676,1.4,0.02262915094397415,1,0.00/0.00,0.0,0.0,0.0,28.15,0.0,0.0,121.06,0.0,0.0,0.8899999999999999,0.0,0.0,3.61,19.49,11.390456644433044,2.22,222.86,12.729965000448711,28.37,1.05,13.333333333333334,0.14,3.61,WR/FLEX,31794402
Cedric Tillman,CLE,CLE@HOU 12/24/2023 01:00PM ET,WR,3300.0,4.300000000000001,23.885466282763844,2.7,0.00020380868819330113,1,0.00/0.00,0.0,0.0,0.0,31.31,0.0,0.0,130.21,0.0,0.0,1.07,0.0,0.0,2.9,19.68,8.638211382113822,1.7,226.16,9.37389458790237,21.2,1.07,7.476635514018691,0.08,2.9,WR/FLEX,31794404
Darnell Mooney,CHI,ARI@CHI 12/24/2023 04:25PM ET,WR,3300.0,6.7090000000000005,36.68245222272948,5.0,0.02440560150617936,1,0.00/0.00,0.0,0.0,0.0,30.71,0.0,0.0,138.68,0.0,0.0,1.01,0.0,0.0,4.21,19.39,12.686952037132542,2.46,213.15,14.867464227070137,31.69,1.38,13.043478260869565,0.18,4.21,WR/FLEX,31794406
Josh Reynolds,DET,DET@MIN 12/24/2023 01:00PM ET,WR,3300.0,5.486,29.904110468912496,2.2,0.0058970871144485605,1,0.00/0.00,0.0,0.0,0.0,28.39,0.0,0.0,121.85,0.0,0.0,1.02,0.0,0.0,3.22,23.04,8.333333333333332,1.92,244.64,10.65238718116416,26.06,1.6800000000000002,9.523809523809524,0.16,3.22,WR/FLEX,31794408
Jake Bobo,SEA,SEA@TEN 12/24/2023 01:00PM ET,WR,3300.0,0.5640000000000001,9.108744079060425,0.0,1.0,1,0.00/0.00,0.0,0.0,0.0,26.740000000000002,0.0,0.0,109.96000000000001,0.0,0.0,0.83,0.0,0.0,0.33,21.53,0.9289363678588017,0.2,241.79999999999998,1.0090984284532674,2.44,1.49,1.342281879194631,0.02,0.33,WR/FLEX,31794412
DJ Montgomery,IND,IND@ATL 12/24/2023 01:00PM ET,WR,3300.0,5.256,28.39718542922323,0.001,7.042295000525503,1,0.00/0.00,0.0,0.0,0.0,26.93,0.0,0.0,124.25,0.0,0.0,0.87,0.0,0.0,3.45,20.3,9.80295566502463,1.99,216.25,10.941040462427745,23.66,1.18,12.711864406779661,0.15,3.45,WR/FLEX,31794414
Michael Gallup,DAL,DAL@MIA 12/24/2023 04:25PM ET,WR,3200.0,5.557,30.15846328267097,1.2,0.012763537864636902,1,0.00/0.00,0.0,0.0,0.0,25.83,0.0,0.0,115.25999999999999,0.0,0.0,0.77,0.0,0.0,3.64,24.65,8.397565922920892,2.07,264.59000000000003,9.323859556294645,24.67,1.75,9.714285714285715,0.17,3.64,WR/FLEX,31794416
Cedrick Wilson,MIA,DAL@MIA 12/24/2023 04:25PM ET,WR,3200.0,3.4730000000000003,19.144240980526977,0.001,0.013827533742974069,1,0.00/0.00,0.0,0.0,0.0,26.9,0.0,0.0,128.35,0.0,0.0,1.0,0.0,0.0,2.09,23.3,5.450643776824035,1.27,273.56,5.6404445094312035,15.43,1.73,6.358381502890173,0.11,2.09,WR/FLEX,31794418
Allen Lazard,NYJ,WAS@NYJ 12/24/2023 01:00PM ET,WR,3200.0,6.952000000000001,37.77724688522327,1.4,0.12319645319949642,1,0.00/0.00,0.0,0.0,0.0,28.610000000000003,0.0,0.0,125.24,0.0,0.0,0.76,0.0,0.0,4.16,18.39,12.778684067427951,2.35,205.62,16.54508316311643,34.02,1.1900000000000002,16.806722689075627,0.2,4.16,WR/FLEX,31794420
Malik Heath,GB,GB@CAR 12/24/2023 01:00PM ET,WR,3200.0,6.165000000000001,34.37622963557471,0.6,0.10037683427967296,1,0.00/0.00,0.0,0.0,0.0,27.580000000000002,0.0,0.0,122.14999999999999,0.0,0.0,0.77,0.0,0.0,3.92,20.7,11.159420289855074,2.31,221.05,12.825152680389051,28.35,1.35,12.592592592592592,0.17,3.92,WR/FLEX,31794422
DJ Chark,CAR,GB@CAR 12/24/2023 01:00PM ET,WR,3100.0,6.012,33.31314662158967,1.4,0.03275588019206052,1,0.00/0.00,0.0,0.0,0.0,29.76,0.0,0.0,130.04000000000002,0.0,0.0,0.76,0.0,0.0,4.1,18.830000000000002,11.842804036112584,2.23,182.96,16.735898557061653,30.62,0.9299999999999999,12.903225806451612,0.12,4.1,WR/FLEX,31794424
Xavier Gipson,NYJ,WAS@NYJ 12/24/2023 01:00PM ET,WR,3100.0,5.296,28.56356609199954,1.4,0.006007220172191486,1,0.00/0.00,0.0,0.0,0.0,28.610000000000003,1.992310380985669,0.57,125.24,2.9303736825295434,3.67,0.76,2.631578947368421,0.02,3.08,18.39,9.624796084828711,1.77,205.62,11.569886197840676,23.79,1.1900000000000002,9.243697478991596,0.11,3.08,WR/FLEX,31794426
Trey Palmer,TB,JAX@TB 12/24/2023 04:05PM ET,WR,3100.0,5.258,28.404189481705806,1.1,0.007072989680555062,1,0.00/0.00,0.0,0.0,0.0,27.71,1.0104655359076147,0.28,113.07000000000001,1.4238967011585744,1.61,0.76,1.3157894736842104,0.01,3.43,21.209999999999997,9.476661951909476,2.01,236.56,9.245011836320595,21.87,1.39,10.071942446043167,0.14,3.43,WR/FLEX,31794428
Treylon Burks,TEN,SEA@TEN 12/24/2023 01:00PM ET,WR,3100.0,8.082,40.63976511744229,3.4,0.13971220583382987,1,0.00/0.00,0.0,0.0,0.0,28.15,2.1314387211367674,0.6,121.06,3.006773500743433,3.64,0.8899999999999999,3.3707865168539324,0.03,4.82,19.49,14.930733709594666,2.91,222.86,16.727990666786322,37.28,1.05,14.285714285714285,0.15,4.82,WR/FLEX,31794430
Braxton Berrios,MIA,DAL@MIA 12/24/2023 04:25PM ET,WR,3000.0,2.068,17.51995797084108,1.0,5.851189182010786e-07,1,0.00/0.00,0.0,0.0,0.0,26.9,0.0,0.0,128.35,0.0,0.0,1.0,0.0,0.0,1.39,23.3,3.7339055793991416,0.87,273.56,3.0633133499049574,8.38,1.73,3.4682080924855487,0.06,1.39,WR/FLEX,31794434
Chase Claypool,MIA,DAL@MIA 12/24/2023 04:25PM ET,WR,3000.0,2.438,18.560488126328647,0.001,0.0026087950276629376,1,0.00/0.00,0.0,0.0,0.0,26.9,0.0,0.0,128.35,0.0,0.0,1.0,0.0,0.0,1.74,23.3,4.07725321888412,0.95,273.56,3.9040795437929523,10.68,1.73,4.046242774566474,0.07,1.74,WR/FLEX,31794438
Jalen Tolbert,DAL,DAL@MIA 12/24/2023 04:25PM ET,WR,3000.0,2.291,18.072063308989666,1.2,1.1432585051113559e-06,1,0.00/0.00,0.0,0.0,0.0,25.83,0.0,0.0,115.25999999999999,0.0,0.0,0.77,0.0,0.0,1.46,24.65,3.651115618661258,0.9,264.59000000000003,3.8965947314713327,10.31,1.75,3.428571428571429,0.06,1.46,WR/FLEX,31794450
KaVontae Turpin,DAL,DAL@MIA 12/24/2023 04:25PM ET,WR,3000.0,1.4840000000000002,15.890647717034836,0.0,1.0,1,0.00/0.00,0.0,0.0,0.0,25.83,0.0,0.0,115.25999999999999,0.0,0.0,0.77,0.0,0.0,0.91,24.65,2.2312373225152133,0.55,264.59000000000003,2.3961600967534675,6.34,1.75,2.857142857142857,0.05,0.91,WR/FLEX,31794452
Zach Pascal,ARI,ARI@CHI 12/24/2023 04:25PM ET,WR,3000.0,3.5520000000000005,19.596534032780742,0.0,1.0,1,0.00/0.00,0.0,0.0,0.0,28.59,0.0,0.0,126.63,0.0,0.0,0.9400000000000001,0.0,0.0,2.38,20.88,6.4655172413793105,1.35,220.78,7.527855784038409,16.62,1.05,8.57142857142857,0.09,2.38,WR/FLEX,31794466
Tyler Scott,CHI,ARI@CHI 12/24/2023 04:25PM ET,WR,3000.0,2.402,18.65054852197407,0.8,3.361552957708813e-06,1,0.00/0.00,0.0,0.0,0.0,30.71,0.0,0.0,138.68,0.0,0.0,1.01,0.0,0.0,1.5,19.39,4.744713769984528,0.92,213.15,5.263898662913442,11.22,1.38,4.3478260869565215,0.06,1.5,WR/FLEX,31794480
Velus Jones,CHI,ARI@CHI 12/24/2023 04:25PM ET,WR,3000.0,0.974,11.115415769333286,0.001,1.8503850056148713e-09,1,0.00/0.00,0.0,0.0,0.0,30.71,0.0,0.0,138.68,0.0,0.0,1.01,0.0,0.0,0.6,19.39,1.8050541516245486,0.35,213.15,2.083040112596763,4.44,1.38,2.1739130434782608,0.03,0.6,WR/FLEX,31794482
Trent Taylor,CHI,ARI@CHI 12/24/2023 04:25PM ET,WR,3000.0,1.379,15.230686453257809,0.0,1.0,1,0.00/0.00,0.0,0.0,0.0,30.71,0.0,0.0,138.68,0.0,0.0,1.01,0.0,0.0,0.9,19.39,2.8365136668385764,0.55,213.15,2.7633122214403003,5.89,1.38,2.8985507246376816,0.04,0.9,WR/FLEX,31794484
Tim Jones,JAX,JAX@TB 12/24/2023 04:05PM ET,WR,3000.0,2.289,18.054356960322107,0.0,1.0,1,0.00/0.00,0.0,0.0,0.0,27.35,0.0,0.0,116.74,0.0,0.0,0.88,0.0,0.0,1.38,22.72,3.697183098591549,0.84,253.13,4.302137241733496,10.89,1.47,4.081632653061225,0.06,1.38,WR/FLEX,31794492
Elijah Cooks,JAX,JAX@TB 12/24/2023 04:05PM ET,WR,3000.0,4.365,24.20860962110791,0.0,1.0,1,0.00/0.00,0.0,0.0,0.0,27.35,0.0,0.0,116.74,0.0,0.0,0.88,0.0,0.0,2.58,22.72,6.866197183098592,1.56,253.13,8.236874333346503,20.85,1.47,8.16326530612245,0.12,2.58,WR/FLEX,31794494
Deven Thompkins,TB,JAX@TB 12/24/2023 04:05PM ET,WR,3000.0,2.1690000000000005,17.730275635732077,0.0,1.0,1,0.00/0.00,0.0,0.0,0.0,27.71,1.0104655359076147,0.28,113.07000000000001,1.4238967011585744,1.61,0.76,1.3157894736842104,0.01,1.31,21.209999999999997,3.7718057520037727,0.8,236.56,3.584714237402773,8.48,1.39,3.597122302158274,0.05,1.31,WR/FLEX,31794504
Colton Dowell,TEN,SEA@TEN 12/24/2023 01:00PM ET,WR,3000.0,0.456,7.437033349103895,0.0,1.0,1,0.00/0.00,0.0,0.0,0.0,28.15,0.0,0.0,121.06,0.0,0.0,0.8899999999999999,0.0,0.0,0.3,19.49,0.9235505387378143,0.18,222.86,0.9692183433545724,2.16,1.05,0.9523809523809523,0.01,0.3,WR/FLEX,31794530
Byron Pringle,WAS,WAS@NYJ 12/24/2023 01:00PM ET,WR,3000.0,3.111,18.111095477857237,0.0,1.0,1,0.00/0.00,0.0,0.0,0.0,26.33,0.0,0.0,109.12,0.0,0.0,0.65,0.0,0.0,1.97,21.08,5.834914611005693,1.23,213.96,6.828379136287157,14.61,0.96,7.291666666666667,0.07,1.97,WR/FLEX,31794540
Dyami Brown,WAS,WAS@NYJ 12/24/2023 01:00PM ET,WR,3000.0,2.611,18.05435391844113,0.0,1.0,1,0.00/0.00,0.0,0.0,0.0,26.33,0.0,0.0,109.12,0.0,0.0,0.65,0.0,0.0,1.81,21.08,4.98102466793169,1.05,213.96,5.893624976631146,12.61,0.96,5.208333333333334,0.05,1.81,WR/FLEX,31794542
Brandon Powell,MIN,DET@MIN 12/24/2023 01:00PM ET,WR,3000.0,0.508,8.583364280289164,0.0,1.0,1,0.00/0.00,0.0,0.0,0.0,25.73,0.0,0.0,108.06,0.0,0.0,0.87,0.0,0.0,0.36,23.26,0.9458297506448838,0.22,261.66,0.8713597798670027,2.28,1.52,0.6578947368421052,0.01,0.36,WR/FLEX,31794562
Kalif Raymond,DET,DET@MIN 12/24/2023 01:00PM ET,WR,3000.0,3.539,19.523531908354332,1.2,1.925019721106161e-05,1,0.00/0.00,0.0,0.0,0.0,28.39,0.0,0.0,121.85,0.0,0.0,1.02,0.0,0.0,2.04,23.04,5.815972222222223,1.34,244.64,6.7813930673642915,16.59,1.6800000000000002,5.357142857142856,0.09,2.04,WR/FLEX,31794576
Donovan Peoples-Jones,DET,DET@MIN 12/24/2023 01:00PM ET,WR,3000.0,1.949,17.34698808157539,0.0,1.0,1,0.00/0.00,0.0,0.0,0.0,28.39,0.0,0.0,121.85,0.0,0.0,1.02,0.0,0.0,1.19,23.04,3.125,0.72,244.64,3.797416612164813,9.29,1.6800000000000002,2.976190476190476,0.05,1.19,WR/FLEX,31794578
Marquise Goodwin,CLE,CLE@HOU 12/24/2023 01:00PM ET,WR,3000.0,2.386,18.550837312679295,0.0,1.0,1,0.00/0.00,0.0,0.0,0.0,31.31,0.9900990099009901,0.31,130.21,1.3670225021119728,1.78,1.07,0.9345794392523363,0.01,1.45,19.68,3.8109756097560976,0.75,226.16,5.120268836222143,11.58,1.07,3.7383177570093453,0.04,1.45,WR/FLEX,31794588
David Bell,CLE,CLE@HOU 12/24/2023 01:00PM ET,WR,3000.0,0.483,7.999802430786859,0.0,1.0,1,0.00/0.00,0.0,0.0,0.0,31.31,0.0,0.0,130.21,0.0,0.0,1.07,0.0,0.0,0.32,19.68,0.9654471544715447,0.19,226.16,1.0302440749911568,2.33,1.07,0.9345794392523363,0.01,0.32,WR/FLEX,31794590
Xavier Hutchinson,HOU,CLE@HOU 12/24/2023 01:00PM ET,WR,3000.0,2.236,17.882698231494306,0.0,1.0,1,0.00/0.00,0.0,0.0,0.0,28.16,1.988636363636364,0.56,119.78,2.7133077308398734,3.25,0.7,2.857142857142857,0.02,1.28,19.26,3.6344755970924187,0.7,203.92000000000002,3.878972145939584,7.91,1.08,4.62962962962963,0.05,1.28,WR/FLEX,31794602
John Metchie,HOU,CLE@HOU 12/24/2023 01:00PM ET,WR,3000.0,2.682,17.984689855655045,0.001,0.002170152616840513,1,0.00/0.00,0.0,0.0,0.0,28.16,0.0,0.0,119.78,0.0,0.0,0.7,0.0,0.0,1.92,19.26,5.763239875389408,1.11,203.92000000000002,5.943507257748136,12.12,1.08,5.555555555555555,0.06,1.92,WR/FLEX,31794604
Ihmir Smith-Marsette,CAR,GB@CAR 12/24/2023 01:00PM ET,WR,3000.0,3.064,18.005834282685203,0.0,1.0,1,0.00/0.00,0.0,0.0,0.0,29.76,1.0080645161290323,0.3,130.04000000000002,1.2996001230390646,1.69,0.76,1.3157894736842104,0.01,1.97,18.830000000000002,6.160382368560806,1.16,182.96,7.187363358111062,13.15,0.9299999999999999,6.451612903225806,0.06,1.97,WR/FLEX,31794620
Bo Melton,GB,GB@CAR 12/24/2023 01:00PM ET,WR,3000.0,3.617,19.923989948923932,0.0,1.0,1,0.00/0.00,0.0,0.0,0.0,27.580000000000002,0.0,0.0,122.14999999999999,0.0,0.0,0.77,0.0,0.0,2.28,20.7,6.521739130434784,1.35,221.05,7.54128025333635,16.67,1.35,7.4074074074074066,0.1,2.28,WR/FLEX,31794632
Samori Toure,GB,GB@CAR 12/24/2023 01:00PM ET,WR,3000.0,2.567,18.143156277628982,0.001,0.00214175970263075,1,0.00/0.00,0.0,0.0,0.0,27.580000000000002,0.0,0.0,122.14999999999999,0.0,0.0,0.77,0.0,0.0,1.63,20.7,4.5893719806763285,0.95,221.05,5.415064465053156,11.97,1.35,5.185185185185185,0.07,1.63,WR/FLEX,31794634
Van Jefferson,ATL,IND@ATL 12/24/2023 01:00PM ET,WR,3000.0,3.5700000000000003,19.70033332438418,0.8,3.4041241057645695e-05,1,0.00/0.00,0.0,0.0,0.0,32.26,0.0,0.0,137.39,0.0,0.0,1.16,0.0,0.0,2.21,17.16,6.934731934731935,1.19,195.88,9.087196242597509,17.8,1.3,7.6923076923076925,0.1,2.21,WR/FLEX,31794648
Sam LaPorta,DET,DET@MIN 12/24/2023 01:00PM ET,TE,6400.0,13.494000000000002,65.72046156252381,8.8,1.8737895115666068,1,0.00/0.00,0.0,0.0,0.0,28.39,0.0,0.0,121.85,0.0,0.0,1.02,0.0,0.0,7.64,23.04,23.00347222222222,5.3,244.64,22.21223021582734,54.34,1.6800000000000002,27.38095238095238,0.46,7.64,TE/FLEX,31794660
TJ Hockenson,MIN,DET@MIN 12/24/2023 01:00PM ET,TE,5800.0,13.352999999999998,65.16829573885958,7.0,2.709380650932549,1,0.00/0.00,0.0,0.0,0.0,25.73,0.0,0.0,108.06,0.0,0.0,0.87,0.0,0.0,8.32,23.26,23.86070507308684,5.55,261.66,21.336849346480165,55.83,1.52,24.342105263157894,0.37,8.32,TE/FLEX,31794662
Trey McBride,ARI,ARI@CHI 12/24/2023 04:25PM ET,TE,5700.0,14.314,69.83179172960756,11.5,2.4408638015262842,1,0.00/0.00,0.0,0.0,0.0,28.59,0.0,0.0,126.63,0.0,0.0,0.9400000000000001,0.0,0.0,8.73,20.88,29.118773946360154,6.08,220.78,29.14213243953257,64.34,1.05,28.57142857142857,0.3,8.73,TE/FLEX,31794664
Evan Engram,JAX,JAX@TB 12/24/2023 04:05PM ET,TE,5400.0,13.330000000000002,65.05823022252224,11.0,1.9394889220370808,1,0.00/0.00,0.0,0.0,0.0,27.35,0.0,0.0,116.74,0.0,0.0,0.88,0.0,0.0,8.27,22.72,25.704225352112676,5.84,253.13,21.76747125982697,55.1,1.47,22.44897959183674,0.33,8.27,TE/FLEX,31794666
David Njoku,CLE,CLE@HOU 12/24/2023 01:00PM ET,TE,5300.0,11.176,47.93677689929037,8.8,0.6251635508960556,1,0.00/0.00,0.0,0.0,0.0,31.31,0.0,0.0,130.21,0.0,0.0,1.07,0.0,0.0,7.24,19.68,23.729674796747968,4.67,226.16,21.338875132649452,48.26,1.07,26.16822429906542,0.28,7.24,TE/FLEX,31794668
Jake Ferguson,DAL,DAL@MIA 12/24/2023 04:25PM ET,TE,4900.0,11.436,49.86849518758284,6.6,1.2195059515712914,1,0.00/0.00,0.0,0.0,0.0,25.83,0.0,0.0,115.25999999999999,0.0,0.0,0.77,0.0,0.0,6.56,24.65,18.904665314401626,4.66,264.59000000000003,17.899391511394985,47.36,1.75,19.42857142857143,0.34,6.56,TE/FLEX,31794670
Dalton Schultz,HOU,CLE@HOU 12/24/2023 01:00PM ET,TE,4600.0,7.09,31.862354079840422,5.3,0.03477918048805526,1,0.00/0.00,0.0,0.0,0.0,28.16,0.0,0.0,119.78,0.0,0.0,0.7,0.0,0.0,4.65,19.26,15.732087227414329,3.03,203.92000000000002,14.613573950568851,29.8,1.08,16.666666666666664,0.18,4.65,TE/FLEX,31794672
Cole Kmet,CHI,ARI@CHI 12/24/2023 04:25PM ET,TE,4400.0,10.49,42.71232256775805,11.5,0.3924734829095645,1,0.00/0.00,0.0,0.0,0.0,30.71,0.0,0.0,138.68,0.0,0.0,1.01,0.0,0.0,6.31,19.39,22.02166064981949,4.27,213.15,19.32911095472672,41.2,1.38,25.36231884057971,0.35,6.31,TE/FLEX,31794674
Kyle Pitts,ATL,IND@ATL 12/24/2023 01:00PM ET,TE,4000.0,9.339,39.47343069216397,4.4,0.5868819335021787,1,0.00/0.00,0.0,0.0,0.0,32.26,0.0,0.0,137.39,0.0,0.0,1.16,0.0,0.0,5.88,17.16,19.46386946386946,3.34,195.88,22.35552379007556,43.79,1.3,20.76923076923077,0.27,5.88,TE/FLEX,31794676
Tucker Kraft,GB,GB@CAR 12/24/2023 01:00PM ET,TE,3700.0,7.694,35.09182848267517,4.0,0.20898472955934144,1,0.00/0.00,0.0,0.0,0.0,27.580000000000002,0.0,0.0,122.14999999999999,0.0,0.0,0.77,0.0,0.0,4.57,20.7,14.975845410628018,3.1,221.05,15.353992309432254,33.94,1.35,14.814814814814813,0.2,4.57,TE/FLEX,31794678
Logan Thomas,WAS,WAS@NYJ 12/24/2023 01:00PM ET,TE,3500.0,4.671,19.622980643317153,3.2,0.00043417552764478504,1,0.00/0.00,0.0,0.0,0.0,26.33,0.0,0.0,109.12,0.0,0.0,0.65,0.0,0.0,3.28,21.08,10.009487666034156,2.11,213.96,8.88483828753038,19.01,0.96,11.458333333333334,0.11,3.28,TE/FLEX,31794680
Cade Otton,TB,JAX@TB 12/24/2023 04:05PM ET,TE,3300.0,6.73,31.917765814868172,4.0,0.09835456293214087,1,0.00/0.00,0.0,0.0,0.0,27.71,0.0,0.0,113.07000000000001,0.0,0.0,0.76,0.0,0.0,4.25,21.209999999999997,13.625648279113628,2.89,236.56,11.920865742306392,28.2,1.39,12.230215827338132,0.17,4.25,TE/FLEX,31794682
Tyler Conklin,NYJ,WAS@NYJ 12/24/2023 01:00PM ET,TE,3200.0,7.729000000000001,35.21396587181391,4.0,0.2976904017861628,1,0.00/0.00,0.0,0.0,0.0,28.610000000000003,0.0,0.0,125.24,0.0,0.0,0.76,0.0,0.0,5.09,18.39,17.29200652528548,3.18,205.62,16.579126544110494,34.09,1.1900000000000002,15.966386554621847,0.19,5.09,TE/FLEX,31794684
Chig Okonkwo,TEN,SEA@TEN 12/24/2023 01:00PM ET,TE,3100.0,8.333,36.84735287000776,3.2,0.6452575247339418,1,0.00/0.00,0.0,0.0,0.0,28.15,0.0,0.0,121.06,0.0,0.0,0.8899999999999999,0.0,0.0,4.97,19.49,17.290918419702415,3.37,222.86,17.423494570582427,38.83,1.05,17.14285714285714,0.18,4.97,TE/FLEX,31794686
Luke Farrell,JAX,JAX@TB 12/24/2023 04:05PM ET,TE,3000.0,3.5900000000000003,14.786223125678307,0.0,1.0,1,0.00/0.00,0.0,0.0,0.0,27.35,0.0,0.0,116.74,0.0,0.0,0.88,0.0,0.0,2.07,22.72,6.338028169014084,1.44,253.13,6.123335835341524,15.5,1.47,6.802721088435375,0.1,2.07,TE/FLEX,31794688
Jonnu Smith,ATL,IND@ATL 12/24/2023 01:00PM ET,TE,2900.0,5.866000000000001,27.026370691647532,2.8,0.04055683070417104,1,0.00/0.00,0.0,0.0,0.0,32.26,0.0,0.0,137.39,0.0,0.0,1.16,0.0,0.0,3.53,17.16,12.937062937062937,2.22,195.88,12.79354706963447,25.06,1.3,14.615384615384617,0.19,3.53,TE/FLEX,31794690
Noah Fant,SEA,SEA@TEN 12/24/2023 01:00PM ET,TE,2900.0,4.839,20.089834946262332,2.8,0.0015810299459504543,1,0.00/0.00,0.0,0.0,0.0,26.740000000000002,0.0,0.0,109.96000000000001,0.0,0.0,0.83,0.0,0.0,2.79,21.53,9.057129586623315,1.95,241.79999999999998,9.218362282878411,22.29,1.49,7.38255033557047,0.11,2.79,TE/FLEX,31794692
Brevin Jordan,HOU,CLE@HOU 12/24/2023 01:00PM ET,TE,2800.0,2.335,10.519393208205692,0.0,1.0,1,0.00/0.00,0.0,0.0,0.0,28.16,0.0,0.0,119.78,0.0,0.0,0.7,0.0,0.0,1.6,19.26,5.347871235721702,1.03,203.92000000000002,4.634170262848175,9.45,1.08,5.555555555555555,0.06,1.6,TE/FLEX,31794694
Durham Smythe,MIA,DAL@MIA 12/24/2023 04:25PM ET,TE,2700.0,3.952,16.929181930174785,2.3,0.00014783608039683948,1,0.00/0.00,0.0,0.0,0.0,26.9,0.0,0.0,128.35,0.0,0.0,1.0,0.0,0.0,2.44,23.3,7.339055793991416,1.71,273.56,5.783009211873081,15.82,1.73,6.358381502890173,0.11,2.44,TE/FLEX,31794696
Elijah Higgins,ARI,ARI@CHI 12/24/2023 04:25PM ET,TE,2700.0,2.517,11.217647428609588,2.3,2.211762917539423e-08,1,0.00/0.00,0.0,0.0,0.0,28.59,0.0,0.0,126.63,0.0,0.0,0.9400000000000001,0.0,0.0,1.59,20.88,5.124521072796935,1.07,220.78,4.923453211341607,10.87,1.05,5.714285714285714,0.06,1.59,TE/FLEX,31794698
Kylen Granson,IND,IND@ATL 12/24/2023 01:00PM ET,TE,2600.0,5.73,26.144972430123293,2.3,0.04674161631057135,1,0.00/0.00,0.0,0.0,0.0,26.93,0.0,0.0,124.25,0.0,0.0,0.87,0.0,0.0,3.62,20.3,12.019704433497536,2.44,216.25,11.329479768786127,24.5,1.18,11.864406779661019,0.14,3.62,TE/FLEX,31794700
Geoff Swaim,ARI,ARI@CHI 12/24/2023 04:25PM ET,TE,2600.0,1.4480000000000002,8.501271996006146,0.001,5.987007973500725e-09,1,0.00/0.00,0.0,0.0,0.0,28.59,0.0,0.0,126.63,0.0,0.0,0.9400000000000001,0.0,0.0,0.95,20.88,3.2088122605363987,0.67,220.78,2.436814928888486,5.38,1.05,3.8095238095238093,0.04,0.95,TE/FLEX,31794702
Colby Parkinson,SEA,SEA@TEN 12/24/2023 01:00PM ET,TE,2600.0,3.367,13.988274400171163,0.0,1.0,1,0.00/0.00,0.0,0.0,0.0,26.740000000000002,0.0,0.0,109.96000000000001,0.0,0.0,0.83,0.0,0.0,1.97,21.53,6.316767301439851,1.36,241.79999999999998,6.066997518610422,14.67,1.49,6.040268456375839,0.09,1.97,TE/FLEX,31794704
Tommy Tremble,CAR,GB@CAR 12/24/2023 01:00PM ET,TE,2600.0,3.4960000000000004,14.405515132877598,2.3,1.1046971046598755e-05,1,0.00/0.00,0.0,0.0,0.0,29.76,0.0,0.0,130.04000000000002,0.0,0.0,0.76,0.0,0.0,2.43,18.830000000000002,8.337758895379713,1.57,182.96,7.575426322693485,13.86,0.9299999999999999,9.67741935483871,0.09,2.43,TE/FLEX,31794706
Tyler Kroft,MIA,DAL@MIA 12/24/2023 04:25PM ET,TE,2500.0,1.984,9.071908767169909,0.0,1.0,1,0.00/0.00,0.0,0.0,0.0,26.9,0.0,0.0,128.35,0.0,0.0,1.0,0.0,0.0,1.22,23.3,3.51931330472103,0.82,273.56,2.9390261734171657,8.04,1.73,3.4682080924855487,0.06,1.22,TE/FLEX,31794712
Luke Schoonmaker,DAL,DAL@MIA 12/24/2023 04:25PM ET,TE,2500.0,0.613,6.640512032924704,0.0,1.0,1,0.00/0.00,0.0,0.0,0.0,25.83,0.0,0.0,115.25999999999999,0.0,0.0,0.77,0.0,0.0,0.36,24.65,1.0141987829614605,0.25,264.59000000000003,0.9184020560111871,2.43,1.75,1.1428571428571428,0.02,0.36,TE/FLEX,31794718
Peyton Hendershot,DAL,DAL@MIA 12/24/2023 04:25PM ET,TE,2500.0,1.236,9.315208599834214,0.0,1.0,1,0.00/0.00,0.0,0.0,0.0,25.83,0.0,0.0,115.25999999999999,0.0,0.0,0.77,0.0,0.0,0.73,24.65,2.0689655172413794,0.51,264.59000000000003,1.8368041120223741,4.86,1.75,2.2857142857142856,0.04,0.73,TE/FLEX,31794720
Robert Tonyan,CHI,ARI@CHI 12/24/2023 04:25PM ET,TE,2500.0,1.886,8.70134807784536,0.0,1.0,1,0.00/0.00,0.0,0.0,0.0,30.71,0.0,0.0,138.68,0.0,0.0,1.01,0.0,0.0,1.05,19.39,3.8164002062919025,0.74,213.15,3.406052076002815,7.26,1.38,5.072463768115943,0.07,1.05,TE/FLEX,31794730
Marcedes Lewis,CHI,ARI@CHI 12/24/2023 04:25PM ET,TE,2500.0,0.495,5.820579489831727,0.0,1.0,1,0.00/0.00,0.0,0.0,0.0,30.71,0.0,0.0,138.68,0.0,0.0,1.01,0.0,0.0,0.3,19.39,0.928313563692625,0.18,213.15,0.9148486980999296,1.95,1.38,1.4492753623188408,0.02,0.3,TE/FLEX,31794732
Ko Kieft,TB,JAX@TB 12/24/2023 04:05PM ET,TE,2500.0,1.5530000000000002,8.294849095351717,0.0,1.0,1,0.00/0.00,0.0,0.0,0.0,27.71,0.0,0.0,113.07000000000001,0.0,0.0,0.76,0.0,0.0,0.98,21.209999999999997,3.111739745403112,0.66,236.56,2.7603990530943525,6.53,1.39,2.877697841726619,0.04,0.98,TE/FLEX,31794744
Will Dissly,SEA,SEA@TEN 12/24/2023 01:00PM ET,TE,2500.0,2.9330000000000003,13.40014224947155,0.0,1.0,1,0.00/0.00,0.0,0.0,0.0,26.740000000000002,0.0,0.0,109.96000000000001,0.0,0.0,0.83,0.0,0.0,1.64,21.53,5.52717138875987,1.19,241.79999999999998,5.22332506203474,12.63,1.49,5.369127516778524,0.08,1.64,TE/FLEX,31794752
Josh Whyle,TEN,SEA@TEN 12/24/2023 01:00PM ET,TE,2500.0,1.49,8.416288257439357,0.0,1.0,1,0.00/0.00,0.0,0.0,0.0,28.15,0.0,0.0,121.06,0.0,0.0,0.8899999999999999,0.0,0.0,0.9,19.49,3.129810159055926,0.61,222.86,2.871758054383918,6.4,1.05,3.8095238095238093,0.04,0.9,TE/FLEX,31794758
John Bates,WAS,WAS@NYJ 12/24/2023 01:00PM ET,TE,2500.0,1.484,8.428711001136294,0.0,1.0,1,0.00/0.00,0.0,0.0,0.0,26.33,0.0,0.0,109.12,0.0,0.0,0.65,0.0,0.0,0.98,21.08,3.178368121442126,0.67,213.96,2.963170686109553,6.34,0.96,3.125,0.03,0.98,TE/FLEX,31794766
Cole Turner,WAS,WAS@NYJ 12/24/2023 01:00PM ET,TE,2500.0,0.488,5.782491574189186,0.001,0.0,1,0.00/0.00,0.0,0.0,0.0,26.33,0.0,0.0,109.12,0.0,0.0,0.65,0.0,0.0,0.33,21.08,1.0436432637571158,0.22,213.96,0.972144326042251,2.08,0.96,1.0416666666666667,0.01,0.33,TE/FLEX,31794768
Jeremy Ruckert,NYJ,WAS@NYJ 12/24/2023 01:00PM ET,TE,2500.0,3.796,15.92096656789026,2.3,7.669892128683721e-05,1,0.00/0.00,0.0,0.0,0.0,28.610000000000003,0.0,0.0,125.24,0.0,0.0,0.76,0.0,0.0,2.47,18.39,8.482871125611746,1.56,205.62,7.664624063807023,15.76,1.1900000000000002,9.243697478991596,0.11,2.47,TE/FLEX,31794776
Josh Oliver,MIN,DET@MIN 12/24/2023 01:00PM ET,TE,2500.0,2.555,11.49570531894859,0.0,1.0,1,0.00/0.00,0.0,0.0,0.0,25.73,0.0,0.0,108.06,0.0,0.0,0.87,0.0,0.0,1.63,23.26,4.600171969045571,1.07,261.66,3.8408621875716578,10.05,1.52,5.263157894736842,0.08,1.63,TE/FLEX,31794784
Johnny Mundt,MIN,DET@MIN 12/24/2023 01:00PM ET,TE,2500.0,0.601,6.545481337027248,0.0,1.0,1,0.00/0.00,0.0,0.0,0.0,25.73,0.0,0.0,108.06,0.0,0.0,0.87,0.0,0.0,0.36,23.26,1.0748065348237317,0.25,261.66,0.8828250401284108,2.31,1.52,1.3157894736842104,0.02,0.36,TE/FLEX,31794786
Harrison Bryant,CLE,CLE@HOU 12/24/2023 01:00PM ET,TE,2500.0,2.403,10.720069172902901,0.0,1.0,1,0.00/0.00,0.0,0.0,0.0,31.31,0.0,0.0,130.21,0.0,0.0,1.07,0.0,0.0,1.61,19.68,5.386178861788618,1.06,226.16,4.346480367881147,9.83,1.07,5.6074766355140175,0.06,1.61,TE/FLEX,31794802
Jordan Akins,CLE,CLE@HOU 12/24/2023 01:00PM ET,TE,2500.0,1.986,9.082124857227766,0.0,1.0,1,0.00/0.00,0.0,0.0,0.0,31.31,0.0,0.0,130.21,0.0,0.0,1.07,0.0,0.0,1.29,19.68,4.268292682926829,0.84,226.16,4.006013441811108,9.06,1.07,3.7383177570093453,0.04,1.29,TE/FLEX,31794804
Eric Saubert,HOU,CLE@HOU 12/24/2023 01:00PM ET,TE,2500.0,0.449,5.60319858932931,0.0,1.0,1,0.00/0.00,0.0,0.0,0.0,28.16,0.0,0.0,119.78,0.0,0.0,0.7,0.0,0.0,0.32,19.26,1.0903426791277258,0.21,203.92000000000002,0.8777952138093369,1.79,1.08,0.9259259259259258,0.01,0.32,TE/FLEX,31794808
Ian Thomas,CAR,GB@CAR 12/24/2023 01:00PM ET,TE,2500.0,0.436,5.47424120796698,0.0,1.0,1,0.00/0.00,0.0,0.0,0.0,29.76,0.0,0.0,130.04000000000002,0.0,0.0,0.76,0.0,0.0,0.3,18.830000000000002,1.0621348911311734,0.2,182.96,0.9619588981198076,1.76,0.9299999999999999,1.0752688172043012,0.01,0.3,TE/FLEX,31794814
Stephen Sullivan,CAR,GB@CAR 12/24/2023 01:00PM ET,TE,2500.0,3.144,13.80742664281749,0.0,1.0,1,0.00/0.00,0.0,0.0,0.0,29.76,0.0,0.0,130.04000000000002,0.0,0.0,0.76,0.0,0.0,2.12,18.830000000000002,7.3818374933616555,1.39,182.96,7.291211193703541,13.34,0.9299999999999999,7.526881720430109,0.07,2.12,TE/FLEX,31794816
Ben Sims,GB,GB@CAR 12/24/2023 01:00PM ET,TE,2500.0,2.111,9.74005410862901,0.0,1.0,1,0.00/0.00,0.0,0.0,0.0,27.580000000000002,0.0,0.0,122.14999999999999,0.0,0.0,0.77,0.0,0.0,1.31,20.7,4.202898550724638,0.87,221.05,3.9855236371861573,8.81,1.35,4.444444444444444,0.06,1.31,TE/FLEX,31794824
Mo Alie-Cox,IND,IND@ATL 12/24/2023 01:00PM ET,TE,2500.0,3.479,14.33482178824829,0.0,1.0,1,0.00/0.00,0.0,0.0,0.0,26.93,0.0,0.0,124.25,0.0,0.0,0.87,0.0,0.0,2.07,20.3,6.699507389162562,1.36,216.25,7.3017341040462425,15.79,1.18,7.627118644067797,0.09,2.07,TE/FLEX,31794836
Will Mallory,IND,IND@ATL 12/24/2023 01:00PM ET,TE,2500.0,1.622,8.224279720748958,0.0,1.0,1,0.00/0.00,0.0,0.0,0.0,26.93,0.0,0.0,124.25,0.0,0.0,0.87,0.0,0.0,1.04,20.3,3.4482758620689653,0.7,216.25,3.153757225433526,6.82,1.18,3.389830508474576,0.04,1.04,TE/FLEX,31794838
MyCole Pruitt,ATL,IND@ATL 12/24/2023 01:00PM ET,TE,2500.0,0.7649999999999999,7.655846764974695,0.0,1.0,1,0.00/0.00,0.0,0.0,0.0,32.26,0.0,0.0,137.39,0.0,0.0,1.16,0.0,0.0,0.44,17.16,1.631701631701632,0.28,195.88,1.5570757606697978,3.05,1.3,2.3076923076923075,0.03,0.44,TE/FLEX,31794844
Tucker Fisk,ATL,IND@ATL 12/24/2023 01:00PM ET,TE,2500.0,1.196,9.305548007271346,0.0,1.0,1,0.00/0.00,0.0,0.0,0.0,32.26,0.0,0.0,137.39,0.0,0.0,1.16,0.0,0.0,0.74,17.16,2.738927738927739,0.47,195.88,2.4811108842148255,4.86,1.3,3.0769230769230766,0.04,0.74,TE/FLEX,31794846
Packers,GB,GB@CAR 12/24/2023 01:00PM ET,DST,3900.0,9.1,40.684179284987124,4.2,2.4876183649531147,1,0,0.0,0.0,0.0,27.580000000000002,0.0,0.0,122.14999999999999,0.0,0.0,0.77,0.0,0.0,0.0,20.7,0.0,0.0,221.05,0.0,0.0,1.35,0.0,0.0,0.0,DST,31794854
Colts,IND,IND@ATL 12/24/2023 01:00PM ET,DST,3800.0,6.6,39.04230637774576,0.4,12.925480950828886,1,0,0.0,0.0,0.0,26.93,0.0,0.0,124.25,0.0,0.0,0.87,0.0,0.0,0.0,20.3,0.0,0.0,216.25,0.0,0.0,1.18,0.0,0.0,0.0,DST,31794855
Commanders,WAS,WAS@NYJ 12/24/2023 01:00PM ET,DST,3700.0,7.7,39.6641923798546,4.4,1.6320985803877097,1,0,0.0,0.0,0.0,26.33,0.0,0.0,109.12,0.0,0.0,0.65,0.0,0.0,0.0,21.08,0.0,0.0,213.96,0.0,0.0,0.96,0.0,0.0,0.0,DST,31794856
Texans,HOU,CLE@HOU 12/24/2023 01:00PM ET,DST,3600.0,6.8,36.04102096008855,3.9,1.2690658610372798,1,0,0.0,0.0,0.0,28.16,0.0,0.0,119.78,0.0,0.0,0.7,0.0,0.0,0.0,19.26,0.0,0.0,203.92000000000002,0.0,0.0,1.08,0.0,0.0,0.0,DST,31794857
Lions,DET,DET@MIN 12/24/2023 01:00PM ET,DST,3500.0,6.4,34.61085704033667,2.1,1.9587411230247394,1,0,0.0,0.0,0.0,28.39,0.0,0.0,121.85,0.0,0.0,1.02,0.0,0.0,0.0,23.04,0.0,0.0,244.64,0.0,0.0,1.6800000000000002,0.0,0.0,0.0,DST,31794858
Browns,CLE,CLE@HOU 12/24/2023 01:00PM ET,DST,3400.0,7.8,41.782641571824065,6.8,1.1414774599839799,1,0,0.0,0.0,0.0,31.31,0.0,0.0,130.21,0.0,0.0,1.07,0.0,0.0,0.0,19.68,0.0,0.0,226.16,0.0,0.0,1.07,0.0,0.0,0.0,DST,31794859
Falcons,ATL,IND@ATL 12/24/2023 01:00PM ET,DST,3300.0,6.9,36.46304167518308,3.7,1.4006506986719904,1,0,0.0,0.0,0.0,32.26,0.0,0.0,137.39,0.0,0.0,1.16,0.0,0.0,0.0,17.16,0.0,0.0,195.88,0.0,0.0,1.3,0.0,0.0,0.0,DST,31794860
Seahawks,SEA,SEA@TEN 12/24/2023 01:00PM ET,DST,3200.0,8.3,37.4790482729999,6.5,1.2278210573145136,1,0,0.0,0.0,0.0,26.740000000000002,0.0,0.0,109.96000000000001,0.0,0.0,0.83,0.0,0.0,0.0,21.53,0.0,0.0,241.79999999999998,0.0,0.0,1.49,0.0,0.0,0.0,DST,31794861
Jets,NYJ,WAS@NYJ 12/24/2023 01:00PM ET,DST,3100.0,9.4,39.013244936834255,13.6,0.800327625728991,1,0,0.0,0.0,0.0,28.610000000000003,0.0,0.0,125.24,0.0,0.0,0.76,0.0,0.0,0.0,18.39,0.0,0.0,205.62,0.0,0.0,1.1900000000000002,0.0,0.0,0.0,DST,31794862
Cowboys,DAL,DAL@MIA 12/24/2023 04:25PM ET,DST,3000.0,5.6,25.345197964301086,0.9,1.8940952781852403,1,0,0.0,0.0,0.0,25.83,0.0,0.0,115.25999999999999,0.0,0.0,0.77,0.0,0.0,0.0,24.65,0.0,0.0,264.59000000000003,0.0,0.0,1.75,0.0,0.0,0.0,DST,31794863
Jaguars,JAX,JAX@TB 12/24/2023 04:05PM ET,DST,2900.0,7.0,32.88499538798665,4.3,1.0847872413433814,1,0,0.0,0.0,0.0,27.35,0.0,0.0,116.74,0.0,0.0,0.88,0.0,0.0,0.0,22.72,0.0,0.0,253.13,0.0,0.0,1.47,0.0,0.0,0.0,DST,31794864
Bears,CHI,ARI@CHI 12/24/2023 04:25PM ET,DST,2800.0,7.1,29.63648371783818,8.7,0.4788634192753862,1,0,0.0,0.0,0.0,30.71,0.0,0.0,138.68,0.0,0.0,1.01,0.0,0.0,0.0,19.39,0.0,0.0,213.15,0.0,0.0,1.38,0.0,0.0,0.0,DST,31794865
Cardinals,ARI,ARI@CHI 12/24/2023 04:25PM ET,DST,2700.0,7.3,29.610271113276607,8.4,0.5317152431658416,1,0,0.0,0.0,0.0,28.59,0.0,0.0,126.63,0.0,0.0,0.9400000000000001,0.0,0.0,0.0,20.88,0.0,0.0,220.78,0.0,0.0,1.05,0.0,0.0,0.0,DST,31794866
Dolphins,MIA,DAL@MIA 12/24/2023 04:25PM ET,DST,2700.0,6.5,38.63517673952817,9.9,0.500023799555473,1,0,0.0,0.0,0.0,26.9,0.0,0.0,128.35,0.0,0.0,1.0,0.0,0.0,0.0,23.3,0.0,0.0,273.56,0.0,0.0,1.73,0.0,0.0,0.0,DST,31794867
Buccaneers,TB,JAX@TB 12/24/2023 04:05PM ET,DST,2600.0,7.0,32.88499538798665,8.7,0.5361592112386828,1,0,0.0,0.0,0.0,27.71,0.0,0.0,113.07000000000001,0.0,0.0,0.76,0.0,0.0,0.0,21.209999999999997,0.0,0.0,236.56,0.0,0.0,1.39,0.0,0.0,0.0,DST,31794868
Titans,TEN,SEA@TEN 12/24/2023 01:00PM ET,DST,2600.0,7.0,32.88499538798665,4.9,0.9519561505666407,1,0,0.0,0.0,0.0,28.15,0.0,0.0,121.06,0.0,0.0,0.8899999999999999,0.0,0.0,0.0,19.49,0.0,0.0,222.86,0.0,0.0,1.05,0.0,0.0,0.0,DST,31794869
Vikings,MIN,DET@MIN 12/24/2023 01:00PM ET,DST,2500.0,5.9,31.591694871599064,1.3,2.2929294646505634,1,0,0.0,0.0,0.0,25.73,0.0,0.0,108.06,0.0,0.0,0.87,0.0,0.0,0.0,23.26,0.0,0.0,261.66,0.0,0.0,1.52,0.0,0.0,0.0,DST,31794870
Panthers,CAR,GB@CAR 12/24/2023 01:00PM ET,DST,2400.0,7.1,29.63648371783818,7.4,0.562988074012954,1,0,0.0,0.0,0.0,29.76,0.0,0.0,130.04000000000002,0.0,0.0,0.76,0.0,0.0,0.0,18.830000000000002,0.0,0.0,182.96,0.0,0.0,0.9299999999999999,0.0,0.0,0.0,DST,31794871
